"Group","Year","estimate","Prior_Label","Abundance_Index"
"seagrass",1950,-0.231032043861151,"omega[j*"",""*t] %~% plain(exponential)(1) * ',  ' * w[t] %~% plain(exponential)(1)",0.898072364955536
"seagrass",1951,-0.106855413305347,"omega[j*"",""*t] %~% plain(exponential)(1) * ',  ' * w[t] %~% plain(exponential)(1)",1.0168117546003
"seagrass",1952,-0.0441051759282699,"omega[j*"",""*t] %~% plain(exponential)(1) * ',  ' * w[t] %~% plain(exponential)(1)",1.08266136698068
"seagrass",1953,0.0923682558685226,"omega[j*"",""*t] %~% plain(exponential)(1) * ',  ' * w[t] %~% plain(exponential)(1)",1.24097290202276
"seagrass",1954,0.162597706403122,"omega[j*"",""*t] %~% plain(exponential)(1) * ',  ' * w[t] %~% plain(exponential)(1)",1.33125901318539
"seagrass",1955,0.190545498171884,"omega[j*"",""*t] %~% plain(exponential)(1) * ',  ' * w[t] %~% plain(exponential)(1)",1.36898954961825
"seagrass",1956,0.207366673916708,"omega[j*"",""*t] %~% plain(exponential)(1) * ',  ' * w[t] %~% plain(exponential)(1)",1.39221233311133
"seagrass",1957,0.106470548477235,"omega[j*"",""*t] %~% plain(exponential)(1) * ',  ' * w[t] %~% plain(exponential)(1)",1.25859744615718
"seagrass",1958,0.0225543770877207,"omega[j*"",""*t] %~% plain(exponential)(1) * ',  ' * w[t] %~% plain(exponential)(1)",1.15729084085537
"seagrass",1959,-0.0278007190057644,"omega[j*"",""*t] %~% plain(exponential)(1) * ',  ' * w[t] %~% plain(exponential)(1)",1.10045826270828
"seagrass",1960,0.0861775031423803,"omega[j*"",""*t] %~% plain(exponential)(1) * ',  ' * w[t] %~% plain(exponential)(1)",1.2333140770529
"seagrass",1961,0.0213491513389264,"omega[j*"",""*t] %~% plain(exponential)(1) * ',  ' * w[t] %~% plain(exponential)(1)",1.15589688432001
"seagrass",1962,0.03272422862065,"omega[j*"",""*t] %~% plain(exponential)(1) * ',  ' * w[t] %~% plain(exponential)(1)",1.16912036719415
"seagrass",1963,0.0712874429849189,"omega[j*"",""*t] %~% plain(exponential)(1) * ',  ' * w[t] %~% plain(exponential)(1)",1.21508600160607
"seagrass",1964,0.0263281815692369,"omega[j*"",""*t] %~% plain(exponential)(1) * ',  ' * w[t] %~% plain(exponential)(1)",1.16166648143
"seagrass",1965,-0.0269640268056163,"omega[j*"",""*t] %~% plain(exponential)(1) * ',  ' * w[t] %~% plain(exponential)(1)",1.10137939285075
"seagrass",1966,-0.0282211365295331,"omega[j*"",""*t] %~% plain(exponential)(1) * ',  ' * w[t] %~% plain(exponential)(1)",1.09999570801033
"seagrass",1967,0.0534218178967969,"omega[j*"",""*t] %~% plain(exponential)(1) * ',  ' * w[t] %~% plain(exponential)(1)",1.19357049689644
"seagrass",1968,0.033838909598316,"omega[j*"",""*t] %~% plain(exponential)(1) * ',  ' * w[t] %~% plain(exponential)(1)",1.17042429002204
"seagrass",1969,-0.00918547315843424,"omega[j*"",""*t] %~% plain(exponential)(1) * ',  ' * w[t] %~% plain(exponential)(1)",1.12113542191768
"seagrass",1970,-0.038626556978683,"omega[j*"",""*t] %~% plain(exponential)(1) * ',  ' * w[t] %~% plain(exponential)(1)",1.08860913395927
"seagrass",1971,-0.210349426225,"omega[j*"",""*t] %~% plain(exponential)(1) * ',  ' * w[t] %~% plain(exponential)(1)",0.916840267945085
"seagrass",1972,-0.249974928406606,"omega[j*"",""*t] %~% plain(exponential)(1) * ',  ' * w[t] %~% plain(exponential)(1)",0.881220400161351
"seagrass",1973,-0.312400059834956,"omega[j*"",""*t] %~% plain(exponential)(1) * ',  ' * w[t] %~% plain(exponential)(1)",0.827891935895777
"seagrass",1974,-0.404246623514909,"omega[j*"",""*t] %~% plain(exponential)(1) * ',  ' * w[t] %~% plain(exponential)(1)",0.755240370410833
"seagrass",1975,-0.472291316782829,"omega[j*"",""*t] %~% plain(exponential)(1) * ',  ' * w[t] %~% plain(exponential)(1)",0.705559691651639
"seagrass",1976,-0.507698005038897,"omega[j*"",""*t] %~% plain(exponential)(1) * ',  ' * w[t] %~% plain(exponential)(1)",0.681015242524495
"seagrass",1977,-0.559756724987742,"omega[j*"",""*t] %~% plain(exponential)(1) * ',  ' * w[t] %~% plain(exponential)(1)",0.646469466719953
"seagrass",1978,-0.702703477709021,"omega[j*"",""*t] %~% plain(exponential)(1) * ',  ' * w[t] %~% plain(exponential)(1)",0.560359877540427
"seagrass",1979,-0.492242763002198,"omega[j*"",""*t] %~% plain(exponential)(1) * ',  ' * w[t] %~% plain(exponential)(1)",0.691622253755622
"seagrass",1980,-0.38953819244921,"omega[j*"",""*t] %~% plain(exponential)(1) * ',  ' * w[t] %~% plain(exponential)(1)",0.766430866916923
"seagrass",1981,-0.348401156440658,"omega[j*"",""*t] %~% plain(exponential)(1) * ',  ' * w[t] %~% plain(exponential)(1)",0.798617044246329
"seagrass",1982,-0.22756303609497,"omega[j*"",""*t] %~% plain(exponential)(1) * ',  ' * w[t] %~% plain(exponential)(1)",0.901193194926186
"seagrass",1983,-0.278873966326864,"omega[j*"",""*t] %~% plain(exponential)(1) * ',  ' * w[t] %~% plain(exponential)(1)",0.856118436675251
"seagrass",1984,-0.460991258149707,"omega[j*"",""*t] %~% plain(exponential)(1) * ',  ' * w[t] %~% plain(exponential)(1)",0.713577774620518
"seagrass",1985,-0.458304087141079,"omega[j*"",""*t] %~% plain(exponential)(1) * ',  ' * w[t] %~% plain(exponential)(1)",0.715497858770719
"seagrass",1986,-0.459475588487958,"omega[j*"",""*t] %~% plain(exponential)(1) * ',  ' * w[t] %~% plain(exponential)(1)",0.71466014285395
"seagrass",1987,-0.442279225512344,"omega[j*"",""*t] %~% plain(exponential)(1) * ',  ' * w[t] %~% plain(exponential)(1)",0.727055974214572
"seagrass",1988,-0.343107912352907,"omega[j*"",""*t] %~% plain(exponential)(1) * ',  ' * w[t] %~% plain(exponential)(1)",0.802855526959646
"seagrass",1989,-0.322869196477801,"omega[j*"",""*t] %~% plain(exponential)(1) * ',  ' * w[t] %~% plain(exponential)(1)",0.819269833826149
"seagrass",1990,-0.2076951049438,"omega[j*"",""*t] %~% plain(exponential)(1) * ',  ' * w[t] %~% plain(exponential)(1)",0.91927708920231
"seagrass",1991,-0.173094335252574,"omega[j*"",""*t] %~% plain(exponential)(1) * ',  ' * w[t] %~% plain(exponential)(1)",0.951641471458665
"seagrass",1992,-0.106874756807906,"omega[j*"",""*t] %~% plain(exponential)(1) * ',  ' * w[t] %~% plain(exponential)(1)",1.01679208608975
"seagrass",1993,-0.0240911576248406,"omega[j*"",""*t] %~% plain(exponential)(1) * ',  ' * w[t] %~% plain(exponential)(1)",1.10454806117024
"seagrass",1994,-0.0570872538077754,"omega[j*"",""*t] %~% plain(exponential)(1) * ',  ' * w[t] %~% plain(exponential)(1)",1.068697012091
"seagrass",1995,0.0245967337130885,"omega[j*"",""*t] %~% plain(exponential)(1) * ',  ' * w[t] %~% plain(exponential)(1)",1.15965685677338
"seagrass",1996,-0.0508111278624464,"omega[j*"",""*t] %~% plain(exponential)(1) * ',  ' * w[t] %~% plain(exponential)(1)",1.0754253810962
"seagrass",1997,-0.126078703609803,"omega[j*"",""*t] %~% plain(exponential)(1) * ',  ' * w[t] %~% plain(exponential)(1)",0.997451962679675
"seagrass",1998,-0.191355767986832,"omega[j*"",""*t] %~% plain(exponential)(1) * ',  ' * w[t] %~% plain(exponential)(1)",0.934420849909825
"seagrass",1999,-0.257301316471375,"omega[j*"",""*t] %~% plain(exponential)(1) * ',  ' * w[t] %~% plain(exponential)(1)",0.87478783006441
"seagrass",2000,-0.159270312745667,"omega[j*"",""*t] %~% plain(exponential)(1) * ',  ' * w[t] %~% plain(exponential)(1)",0.964888336096444
"seagrass",2001,-0.0801511849469202,"omega[j*"",""*t] %~% plain(exponential)(1) * ',  ' * w[t] %~% plain(exponential)(1)",1.04433072904974
"seagrass",2002,-0.00489829049797844,"omega[j*"",""*t] %~% plain(exponential)(1) * ',  ' * w[t] %~% plain(exponential)(1)",1.12595225219642
"seagrass",2003,-0.222600939923266,"omega[j*"",""*t] %~% plain(exponential)(1) * ',  ' * w[t] %~% plain(exponential)(1)",0.905676115371535
"seagrass",2004,-0.405794786252206,"omega[j*"",""*t] %~% plain(exponential)(1) * ',  ' * w[t] %~% plain(exponential)(1)",0.754072040027798
"seagrass",2005,-0.374917060441432,"omega[j*"",""*t] %~% plain(exponential)(1) * ',  ' * w[t] %~% plain(exponential)(1)",0.777719277366658
"seagrass",2006,-0.452389368860665,"omega[j*"",""*t] %~% plain(exponential)(1) * ',  ' * w[t] %~% plain(exponential)(1)",0.719742367197266
"seagrass",2007,-0.302228499905792,"omega[j*"",""*t] %~% plain(exponential)(1) * ',  ' * w[t] %~% plain(exponential)(1)",0.836355861023991
"seagrass",2008,-0.25926849087469,"omega[j*"",""*t] %~% plain(exponential)(1) * ',  ' * w[t] %~% plain(exponential)(1)",0.873068661343526
"seagrass",2009,-0.17551394796923,"omega[j*"",""*t] %~% plain(exponential)(1) * ',  ' * w[t] %~% plain(exponential)(1)",0.949341651111934
"seagrass",2010,-0.248275592696773,"omega[j*"",""*t] %~% plain(exponential)(1) * ',  ' * w[t] %~% plain(exponential)(1)",0.882719162545128
"seagrass",2011,-0.346650536186642,"omega[j*"",""*t] %~% plain(exponential)(1) * ',  ' * w[t] %~% plain(exponential)(1)",0.800016343882965
"seagrass",2012,-0.376057781964204,"omega[j*"",""*t] %~% plain(exponential)(1) * ',  ' * w[t] %~% plain(exponential)(1)",0.776832622057834
"seagrass",2013,-0.131617229614241,"omega[j*"",""*t] %~% plain(exponential)(1) * ',  ' * w[t] %~% plain(exponential)(1)",0.99194281939573
"seagrass",2014,-0.00735121193660993,"omega[j*"",""*t] %~% plain(exponential)(1) * ',  ' * w[t] %~% plain(exponential)(1)",1.12319376433825
"seagrass",2015,0.085543206799437,"omega[j*"",""*t] %~% plain(exponential)(1) * ',  ' * w[t] %~% plain(exponential)(1)",1.23253203849245
"seagrass",2016,0.0844190432957978,"omega[j*"",""*t] %~% plain(exponential)(1) * ',  ' * w[t] %~% plain(exponential)(1)",1.23114724946818
"seagrass",1950,-0.211014631351779,"omega[j*"",""*t] %~% plain(half-normal)(0,1) * ',  ' * w[t] %~% plain(exponential)(1)",0.914798592653886
"seagrass",1951,-0.0979831104017148,"omega[j*"",""*t] %~% plain(half-normal)(0,1) * ',  ' * w[t] %~% plain(exponential)(1)",1.02427000200647
"seagrass",1952,-0.0382279299633038,"omega[j*"",""*t] %~% plain(half-normal)(0,1) * ',  ' * w[t] %~% plain(exponential)(1)",1.08734108670398
"seagrass",1953,0.0905609053836199,"omega[j*"",""*t] %~% plain(half-normal)(0,1) * ',  ' * w[t] %~% plain(exponential)(1)",1.23679602076347
"seagrass",1954,0.160800118158915,"omega[j*"",""*t] %~% plain(half-normal)(0,1) * ',  ' * w[t] %~% plain(exponential)(1)",1.32679119825796
"seagrass",1955,0.189875382362707,"omega[j*"",""*t] %~% plain(half-normal)(0,1) * ',  ' * w[t] %~% plain(exponential)(1)",1.36593429330819
"seagrass",1956,0.203184668130544,"omega[j*"",""*t] %~% plain(half-normal)(0,1) * ',  ' * w[t] %~% plain(exponential)(1)",1.38423542047367
"seagrass",1957,0.111820691004399,"omega[j*"",""*t] %~% plain(half-normal)(0,1) * ',  ' * w[t] %~% plain(exponential)(1)",1.26337153291128
"seagrass",1958,0.0285628658479986,"omega[j*"",""*t] %~% plain(half-normal)(0,1) * ',  ' * w[t] %~% plain(exponential)(1)",1.16244569329804
"seagrass",1959,-0.0151284379093759,"omega[j*"",""*t] %~% plain(half-normal)(0,1) * ',  ' * w[t] %~% plain(exponential)(1)",1.11275045542022
"seagrass",1960,0.0873757413259627,"omega[j*"",""*t] %~% plain(half-normal)(0,1) * ',  ' * w[t] %~% plain(exponential)(1)",1.23286288969057
"seagrass",1961,0.0262247812086757,"omega[j*"",""*t] %~% plain(half-normal)(0,1) * ',  ' * w[t] %~% plain(exponential)(1)",1.15973097173959
"seagrass",1962,0.0457478530954881,"omega[j*"",""*t] %~% plain(half-normal)(0,1) * ',  ' * w[t] %~% plain(exponential)(1)",1.18259494414572
"seagrass",1963,0.0826178269176445,"omega[j*"",""*t] %~% plain(half-normal)(0,1) * ',  ' * w[t] %~% plain(exponential)(1)",1.22701096609954
"seagrass",1964,0.0380700717571597,"omega[j*"",""*t] %~% plain(half-normal)(0,1) * ',  ' * w[t] %~% plain(exponential)(1)",1.17355000571446
"seagrass",1965,-0.0147263367840755,"omega[j*"",""*t] %~% plain(half-normal)(0,1) * ',  ' * w[t] %~% plain(exponential)(1)",1.11319798360028
"seagrass",1966,-0.0210280621203103,"omega[j*"",""*t] %~% plain(half-normal)(0,1) * ',  ' * w[t] %~% plain(exponential)(1)",1.10620497282142
"seagrass",1967,0.0543732453615595,"omega[j*"",""*t] %~% plain(half-normal)(0,1) * ',  ' * w[t] %~% plain(exponential)(1)",1.19283940717357
"seagrass",1968,0.0354119418857087,"omega[j*"",""*t] %~% plain(half-normal)(0,1) * ',  ' * w[t] %~% plain(exponential)(1)",1.17043469966697
"seagrass",1969,-0.00740374377486999,"omega[j*"",""*t] %~% plain(half-normal)(0,1) * ',  ' * w[t] %~% plain(exponential)(1)",1.12137939739709
"seagrass",1970,-0.0413105169116291,"omega[j*"",""*t] %~% plain(half-normal)(0,1) * ',  ' * w[t] %~% plain(exponential)(1)",1.08399442410105
"seagrass",1971,-0.209569473058331,"omega[j*"",""*t] %~% plain(half-normal)(0,1) * ',  ' * w[t] %~% plain(exponential)(1)",0.916121577157655
"seagrass",1972,-0.245490742927295,"omega[j*"",""*t] %~% plain(half-normal)(0,1) * ',  ' * w[t] %~% plain(exponential)(1)",0.883797365798993
"seagrass",1973,-0.310552414816512,"omega[j*"",""*t] %~% plain(half-normal)(0,1) * ',  ' * w[t] %~% plain(exponential)(1)",0.828126681997014
"seagrass",1974,-0.404608184979316,"omega[j*"",""*t] %~% plain(half-normal)(0,1) * ',  ' * w[t] %~% plain(exponential)(1)",0.753787403555029
"seagrass",1975,-0.473337066197126,"omega[j*"",""*t] %~% plain(half-normal)(0,1) * ',  ' * w[t] %~% plain(exponential)(1)",0.703720660872065
"seagrass",1976,-0.509407305003633,"omega[j*"",""*t] %~% plain(half-normal)(0,1) * ',  ' * w[t] %~% plain(exponential)(1)",0.678789625786142
"seagrass",1977,-0.564138416313333,"omega[j*"",""*t] %~% plain(half-normal)(0,1) * ',  ' * w[t] %~% plain(exponential)(1)",0.642637074003043
"seagrass",1978,-0.69534143766576,"omega[j*"",""*t] %~% plain(half-normal)(0,1) * ',  ' * w[t] %~% plain(exponential)(1)",0.563618225647397
"seagrass",1979,-0.487961192681,"omega[j*"",""*t] %~% plain(half-normal)(0,1) * ',  ' * w[t] %~% plain(exponential)(1)",0.693504246066532
"seagrass",1980,-0.38732522421739,"omega[j*"",""*t] %~% plain(half-normal)(0,1) * ',  ' * w[t] %~% plain(exponential)(1)",0.766928311473194
"seagrass",1981,-0.345192603675616,"omega[j*"",""*t] %~% plain(half-normal)(0,1) * ',  ' * w[t] %~% plain(exponential)(1)",0.799931381931925
"seagrass",1982,-0.230169819846008,"omega[j*"",""*t] %~% plain(half-normal)(0,1) * ',  ' * w[t] %~% plain(exponential)(1)",0.897442216207246
"seagrass",1983,-0.284182963760569,"omega[j*"",""*t] %~% plain(half-normal)(0,1) * ',  ' * w[t] %~% plain(exponential)(1)",0.850254393620322
"seagrass",1984,-0.450530777181089,"omega[j*"",""*t] %~% plain(half-normal)(0,1) * ',  ' * w[t] %~% plain(exponential)(1)",0.719954328888347
"seagrass",1985,-0.452936795981118,"omega[j*"",""*t] %~% plain(half-normal)(0,1) * ',  ' * w[t] %~% plain(exponential)(1)",0.718224187448932
"seagrass",1986,-0.453019833098074,"omega[j*"",""*t] %~% plain(half-normal)(0,1) * ',  ' * w[t] %~% plain(exponential)(1)",0.718164550659146
"seagrass",1987,-0.437377615450372,"omega[j*"",""*t] %~% plain(half-normal)(0,1) * ',  ' * w[t] %~% plain(exponential)(1)",0.729486556654624
"seagrass",1988,-0.334011014122466,"omega[j*"",""*t] %~% plain(half-normal)(0,1) * ',  ' * w[t] %~% plain(exponential)(1)",0.808926080111446
"seagrass",1989,-0.317019406849502,"omega[j*"",""*t] %~% plain(half-normal)(0,1) * ',  ' * w[t] %~% plain(exponential)(1)",0.822788473024211
"seagrass",1990,-0.206268184325483,"omega[j*"",""*t] %~% plain(half-normal)(0,1) * ',  ' * w[t] %~% plain(exponential)(1)",0.91915095667517
"seagrass",1991,-0.173538361173996,"omega[j*"",""*t] %~% plain(half-normal)(0,1) * ',  ' * w[t] %~% plain(exponential)(1)",0.949732336559933
"seagrass",1992,-0.10446755872309,"omega[j*"",""*t] %~% plain(half-normal)(0,1) * ',  ' * w[t] %~% plain(exponential)(1)",1.01764966392907
"seagrass",1993,-0.0270023534877926,"omega[j*"",""*t] %~% plain(half-normal)(0,1) * ',  ' * w[t] %~% plain(exponential)(1)",1.09961588416758
"seagrass",1994,-0.054883152390097,"omega[j*"",""*t] %~% plain(half-normal)(0,1) * ',  ' * w[t] %~% plain(exponential)(1)",1.06938115752519
"seagrass",1995,0.0252097644629262,"omega[j*"",""*t] %~% plain(half-normal)(0,1) * ',  ' * w[t] %~% plain(exponential)(1)",1.15855442259226
"seagrass",1996,-0.053147248291944,"omega[j*"",""*t] %~% plain(half-normal)(0,1) * ',  ' * w[t] %~% plain(exponential)(1)",1.07123911280856
"seagrass",1997,-0.127591493795727,"omega[j*"",""*t] %~% plain(half-normal)(0,1) * ',  ' * w[t] %~% plain(exponential)(1)",0.994387591046877
"seagrass",1998,-0.19069829248885,"omega[j*"",""*t] %~% plain(half-normal)(0,1) * ',  ' * w[t] %~% plain(exponential)(1)",0.933574029120336
"seagrass",1999,-0.252905804433769,"omega[j*"",""*t] %~% plain(half-normal)(0,1) * ',  ' * w[t] %~% plain(exponential)(1)",0.877268191004858
"seagrass",2000,-0.155923679058929,"omega[j*"",""*t] %~% plain(half-normal)(0,1) * ',  ' * w[t] %~% plain(exponential)(1)",0.966609778764552
"seagrass",2001,-0.0769185453733672,"omega[j*"",""*t] %~% plain(half-normal)(0,1) * ',  ' * w[t] %~% plain(exponential)(1)",1.04607465053897
"seagrass",2002,-0.00273419204376126,"omega[j*"",""*t] %~% plain(half-normal)(0,1) * ',  ' * w[t] %~% plain(exponential)(1)",1.12662798123332
"seagrass",2003,-0.218169122082947,"omega[j*"",""*t] %~% plain(half-normal)(0,1) * ',  ' * w[t] %~% plain(exponential)(1)",0.908277031643854
"seagrass",2004,-0.403338204134726,"omega[j*"",""*t] %~% plain(half-normal)(0,1) * ',  ' * w[t] %~% plain(exponential)(1)",0.754745307249362
"seagrass",2005,-0.373005631533087,"omega[j*"",""*t] %~% plain(half-normal)(0,1) * ',  ' * w[t] %~% plain(exponential)(1)",0.777989418780487
"seagrass",2006,-0.448123511975916,"omega[j*"",""*t] %~% plain(half-normal)(0,1) * ',  ' * w[t] %~% plain(exponential)(1)",0.721689537609432
"seagrass",2007,-0.30538891013449,"omega[j*"",""*t] %~% plain(half-normal)(0,1) * ',  ' * w[t] %~% plain(exponential)(1)",0.832413776688441
"seagrass",2008,-0.259164778810367,"omega[j*"",""*t] %~% plain(half-normal)(0,1) * ',  ' * w[t] %~% plain(exponential)(1)",0.871794539467385
"seagrass",2009,-0.179153439411169,"omega[j*"",""*t] %~% plain(half-normal)(0,1) * ',  ' * w[t] %~% plain(exponential)(1)",0.94441445930651
"seagrass",2010,-0.251070798502652,"omega[j*"",""*t] %~% plain(half-normal)(0,1) * ',  ' * w[t] %~% plain(exponential)(1)",0.878879461231616
"seagrass",2011,-0.345758365178836,"omega[j*"",""*t] %~% plain(half-normal)(0,1) * ',  ' * w[t] %~% plain(exponential)(1)",0.799478939550119
"seagrass",2012,-0.373593919923673,"omega[j*"",""*t] %~% plain(half-normal)(0,1) * ',  ' * w[t] %~% plain(exponential)(1)",0.77753187123557
"seagrass",2013,-0.133069143758627,"omega[j*"",""*t] %~% plain(half-normal)(0,1) * ',  ' * w[t] %~% plain(exponential)(1)",0.988955574819552
"seagrass",2014,-0.009018238409896,"omega[j*"",""*t] %~% plain(half-normal)(0,1) * ',  ' * w[t] %~% plain(exponential)(1)",1.11957039707976
"seagrass",2015,0.0807204357387786,"omega[j*"",""*t] %~% plain(half-normal)(0,1) * ',  ' * w[t] %~% plain(exponential)(1)",1.22468505359682
"seagrass",2016,0.0809430679175164,"omega[j*"",""*t] %~% plain(half-normal)(0,1) * ',  ' * w[t] %~% plain(exponential)(1)",1.22495773825163
"seagrass",1950,-0.214888473806777,"omega[j*"",""*t] %~% plain(half-Cauchy)(0,1) * ',  ' * w[t] %~% plain(exponential)(1)",0.912469221634263
"seagrass",1951,-0.0965460754059979,"omega[j*"",""*t] %~% plain(half-Cauchy)(0,1) * ',  ' * w[t] %~% plain(exponential)(1)",1.02710223641093
"seagrass",1952,-0.0359309527031674,"omega[j*"",""*t] %~% plain(half-Cauchy)(0,1) * ',  ' * w[t] %~% plain(exponential)(1)",1.09128575988997
"seagrass",1953,0.0939506697370101,"omega[j*"",""*t] %~% plain(half-Cauchy)(0,1) * ',  ' * w[t] %~% plain(exponential)(1)",1.24264008827224
"seagrass",1954,0.159876902390651,"omega[j*"",""*t] %~% plain(half-Cauchy)(0,1) * ',  ' * w[t] %~% plain(exponential)(1)",1.32732342537558
"seagrass",1955,0.18952800066803,"omega[j*"",""*t] %~% plain(half-Cauchy)(0,1) * ',  ' * w[t] %~% plain(exponential)(1)",1.36726931585121
"seagrass",1956,0.20098215378675,"omega[j*"",""*t] %~% plain(half-Cauchy)(0,1) * ',  ' * w[t] %~% plain(exponential)(1)",1.38302026262067
"seagrass",1957,0.107695500304644,"omega[j*"",""*t] %~% plain(half-Cauchy)(0,1) * ',  ' * w[t] %~% plain(exponential)(1)",1.25983788539556
"seagrass",1958,0.0268255779189603,"omega[j*"",""*t] %~% plain(half-Cauchy)(0,1) * ',  ' * w[t] %~% plain(exponential)(1)",1.16196568604915
"seagrass",1959,-0.0190779328689432,"omega[j*"",""*t] %~% plain(half-Cauchy)(0,1) * ',  ' * w[t] %~% plain(exponential)(1)",1.10983307055499
"seagrass",1960,0.0923018736995313,"omega[j*"",""*t] %~% plain(half-Cauchy)(0,1) * ',  ' * w[t] %~% plain(exponential)(1)",1.24059291636692
"seagrass",1961,0.0359212017544448,"omega[j*"",""*t] %~% plain(half-Cauchy)(0,1) * ',  ' * w[t] %~% plain(exponential)(1)",1.17258269982528
"seagrass",1962,0.0507378810702468,"omega[j*"",""*t] %~% plain(half-Cauchy)(0,1) * ',  ' * w[t] %~% plain(exponential)(1)",1.19008583058778
"seagrass",1963,0.0910352497761762,"omega[j*"",""*t] %~% plain(half-Cauchy)(0,1) * ',  ' * w[t] %~% plain(exponential)(1)",1.23902254644391
"seagrass",1964,0.0413825901240989,"omega[j*"",""*t] %~% plain(half-Cauchy)(0,1) * ',  ' * w[t] %~% plain(exponential)(1)",1.17900414839592
"seagrass",1965,-0.0129795491234867,"omega[j*"",""*t] %~% plain(half-Cauchy)(0,1) * ',  ' * w[t] %~% plain(exponential)(1)",1.11662193803219
"seagrass",1966,-0.0124021812708601,"omega[j*"",""*t] %~% plain(half-Cauchy)(0,1) * ',  ' * w[t] %~% plain(exponential)(1)",1.11726682579357
"seagrass",1967,0.0632237629150471,"omega[j*"",""*t] %~% plain(half-Cauchy)(0,1) * ',  ' * w[t] %~% plain(exponential)(1)",1.20503825449983
"seagrass",1968,0.0381935444108245,"omega[j*"",""*t] %~% plain(half-Cauchy)(0,1) * ',  ' * w[t] %~% plain(exponential)(1)",1.17525023914609
"seagrass",1969,-0.00396740788797664,"omega[j*"",""*t] %~% plain(half-Cauchy)(0,1) * ',  ' * w[t] %~% plain(exponential)(1)",1.12673057445656
"seagrass",1970,-0.0382319507271058,"omega[j*"",""*t] %~% plain(half-Cauchy)(0,1) * ',  ' * w[t] %~% plain(exponential)(1)",1.08877760025473
"seagrass",1971,-0.206997232226911,"omega[j*"",""*t] %~% plain(half-Cauchy)(0,1) * ',  ' * w[t] %~% plain(exponential)(1)",0.91969822207734
"seagrass",1972,-0.247567005342518,"omega[j*"",""*t] %~% plain(half-Cauchy)(0,1) * ',  ' * w[t] %~% plain(exponential)(1)",0.883133010154386
"seagrass",1973,-0.314691494522464,"omega[j*"",""*t] %~% plain(half-Cauchy)(0,1) * ',  ' * w[t] %~% plain(exponential)(1)",0.825798943805972
"seagrass",1974,-0.409277107890386,"omega[j*"",""*t] %~% plain(half-Cauchy)(0,1) * ',  ' * w[t] %~% plain(exponential)(1)",0.751270460751837
"seagrass",1975,-0.474181864844058,"omega[j*"",""*t] %~% plain(half-Cauchy)(0,1) * ',  ' * w[t] %~% plain(exponential)(1)",0.704058158417659
"seagrass",1976,-0.514894952575096,"omega[j*"",""*t] %~% plain(half-Cauchy)(0,1) * ',  ' * w[t] %~% plain(exponential)(1)",0.67596944573431
"seagrass",1977,-0.56565095036496,"omega[j*"",""*t] %~% plain(half-Cauchy)(0,1) * ',  ' * w[t] %~% plain(exponential)(1)",0.642516102436774
"seagrass",1978,-0.701012752485882,"omega[j*"",""*t] %~% plain(half-Cauchy)(0,1) * ',  ' * w[t] %~% plain(exponential)(1)",0.561173471729061
"seagrass",1979,-0.496512016752168,"omega[j*"",""*t] %~% plain(half-Cauchy)(0,1) * ',  ' * w[t] %~% plain(exponential)(1)",0.688510667741445
"seagrass",1980,-0.394257186460021,"omega[j*"",""*t] %~% plain(half-Cauchy)(0,1) * ',  ' * w[t] %~% plain(exponential)(1)",0.762639652490461
"seagrass",1981,-0.348456489834903,"omega[j*"",""*t] %~% plain(half-Cauchy)(0,1) * ',  ' * w[t] %~% plain(exponential)(1)",0.79838132895291
"seagrass",1982,-0.229775126281466,"omega[j*"",""*t] %~% plain(half-Cauchy)(0,1) * ',  ' * w[t] %~% plain(exponential)(1)",0.898986216840476
"seagrass",1983,-0.280096839270543,"omega[j*"",""*t] %~% plain(half-Cauchy)(0,1) * ',  ' * w[t] %~% plain(exponential)(1)",0.854867075593294
"seagrass",1984,-0.455013593195658,"omega[j*"",""*t] %~% plain(half-Cauchy)(0,1) * ',  ' * w[t] %~% plain(exponential)(1)",0.717683910313099
"seagrass",1985,-0.454195848569214,"omega[j*"",""*t] %~% plain(half-Cauchy)(0,1) * ',  ' * w[t] %~% plain(exponential)(1)",0.718271032499532
"seagrass",1986,-0.453802091683061,"omega[j*"",""*t] %~% plain(half-Cauchy)(0,1) * ',  ' * w[t] %~% plain(exponential)(1)",0.718553912353994
"seagrass",1987,-0.437513697936783,"omega[j*"",""*t] %~% plain(half-Cauchy)(0,1) * ',  ' * w[t] %~% plain(exponential)(1)",0.730353841464925
"seagrass",1988,-0.342405318412624,"omega[j*"",""*t] %~% plain(half-Cauchy)(0,1) * ',  ' * w[t] %~% plain(exponential)(1)",0.803227117797858
"seagrass",1989,-0.318540548686711,"omega[j*"",""*t] %~% plain(half-Cauchy)(0,1) * ',  ' * w[t] %~% plain(exponential)(1)",0.82262650829723
"seagrass",1990,-0.202270268500505,"omega[j*"",""*t] %~% plain(half-Cauchy)(0,1) * ',  ' * w[t] %~% plain(exponential)(1)",0.92405589337537
"seagrass",1991,-0.170680471010041,"omega[j*"",""*t] %~% plain(half-Cauchy)(0,1) * ',  ' * w[t] %~% plain(exponential)(1)",0.953712590242816
"seagrass",1992,-0.106998889920193,"omega[j*"",""*t] %~% plain(half-Cauchy)(0,1) * ',  ' * w[t] %~% plain(exponential)(1)",1.01642204352837
"seagrass",1993,-0.0284166728714855,"omega[j*"",""*t] %~% plain(half-Cauchy)(0,1) * ',  ' * w[t] %~% plain(exponential)(1)",1.09951687318004
"seagrass",1994,-0.0540755901825261,"omega[j*"",""*t] %~% plain(half-Cauchy)(0,1) * ',  ' * w[t] %~% plain(exponential)(1)",1.07166333463786
"seagrass",1995,0.0237160986392424,"omega[j*"",""*t] %~% plain(half-Cauchy)(0,1) * ',  ' * w[t] %~% plain(exponential)(1)",1.1583581894493
"seagrass",1996,-0.0535766504989868,"omega[j*"",""*t] %~% plain(half-Cauchy)(0,1) * ',  ' * w[t] %~% plain(exponential)(1)",1.07219816341546
"seagrass",1997,-0.123311719809164,"omega[j*"",""*t] %~% plain(half-Cauchy)(0,1) * ',  ' * w[t] %~% plain(exponential)(1)",0.999975830479474
"seagrass",1998,-0.193184105499826,"omega[j*"",""*t] %~% plain(half-Cauchy)(0,1) * ',  ' * w[t] %~% plain(exponential)(1)",0.932490275904233
"seagrass",1999,-0.255914838608636,"omega[j*"",""*t] %~% plain(half-Cauchy)(0,1) * ',  ' * w[t] %~% plain(exponential)(1)",0.87579144873296
"seagrass",2000,-0.160931980301955,"omega[j*"",""*t] %~% plain(half-Cauchy)(0,1) * ',  ' * w[t] %~% plain(exponential)(1)",0.963055313302596
"seagrass",2001,-0.0794884763668407,"omega[j*"",""*t] %~% plain(half-Cauchy)(0,1) * ',  ' * w[t] %~% plain(exponential)(1)",1.04477241146915
"seagrass",2002,-0.00390083117980267,"omega[j*"",""*t] %~% plain(half-Cauchy)(0,1) * ',  ' * w[t] %~% plain(exponential)(1)",1.12680559096636
"seagrass",2003,-0.218518115901133,"omega[j*"",""*t] %~% plain(half-Cauchy)(0,1) * ',  ' * w[t] %~% plain(exponential)(1)",0.909163288244557
"seagrass",2004,-0.401564315343533,"omega[j*"",""*t] %~% plain(half-Cauchy)(0,1) * ',  ' * w[t] %~% plain(exponential)(1)",0.757087256998196
"seagrass",2005,-0.372962842471071,"omega[j*"",""*t] %~% plain(half-Cauchy)(0,1) * ',  ' * w[t] %~% plain(exponential)(1)",0.779053706607383
"seagrass",2006,-0.450955736678813,"omega[j*"",""*t] %~% plain(half-Cauchy)(0,1) * ',  ' * w[t] %~% plain(exponential)(1)",0.720602085409244
"seagrass",2007,-0.303831520855171,"omega[j*"",""*t] %~% plain(half-Cauchy)(0,1) * ',  ' * w[t] %~% plain(exponential)(1)",0.834815972314807
"seagrass",2008,-0.260134022247993,"omega[j*"",""*t] %~% plain(half-Cauchy)(0,1) * ',  ' * w[t] %~% plain(exponential)(1)",0.872104108034767
"seagrass",2009,-0.176948379926665,"omega[j*"",""*t] %~% plain(half-Cauchy)(0,1) * ',  ' * w[t] %~% plain(exponential)(1)",0.947753501616293
"seagrass",2010,-0.249456873942476,"omega[j*"",""*t] %~% plain(half-Cauchy)(0,1) * ',  ' * w[t] %~% plain(exponential)(1)",0.881465580916272
"seagrass",2011,-0.342582701754481,"omega[j*"",""*t] %~% plain(half-Cauchy)(0,1) * ',  ' * w[t] %~% plain(exponential)(1)",0.803084651323397
"seagrass",2012,-0.372910166084995,"omega[j*"",""*t] %~% plain(half-Cauchy)(0,1) * ',  ' * w[t] %~% plain(exponential)(1)",0.779094745422085
"seagrass",2013,-0.134422833913771,"omega[j*"",""*t] %~% plain(half-Cauchy)(0,1) * ',  ' * w[t] %~% plain(exponential)(1)",0.988926483876842
"seagrass",2014,-0.0100069351511207,"omega[j*"",""*t] %~% plain(half-Cauchy)(0,1) * ',  ' * w[t] %~% plain(exponential)(1)",1.11994616237705
"seagrass",2015,0.0806060034389451,"omega[j*"",""*t] %~% plain(half-Cauchy)(0,1) * ',  ' * w[t] %~% plain(exponential)(1)",1.22616762517798
"seagrass",2016,0.0799239533162443,"omega[j*"",""*t] %~% plain(half-Cauchy)(0,1) * ',  ' * w[t] %~% plain(exponential)(1)",1.22533160253586
"seagrass",1950,-0.225837106411093,"omega[j*"",""*t] %~% plain(exponential)(1) * ',  ' * w[t] %~% plain(half-normal)(0,1)",0.902393266278989
"seagrass",1951,-0.107511155744884,"omega[j*"",""*t] %~% plain(exponential)(1) * ',  ' * w[t] %~% plain(half-normal)(0,1)",1.01574373741349
"seagrass",1952,-0.0487137486049832,"omega[j*"",""*t] %~% plain(exponential)(1) * ',  ' * w[t] %~% plain(half-normal)(0,1)",1.07725754078995
"seagrass",1953,0.0862145370121318,"omega[j*"",""*t] %~% plain(exponential)(1) * ',  ' * w[t] %~% plain(half-normal)(0,1)",1.23287246379564
"seagrass",1954,0.15568071329012,"omega[j*"",""*t] %~% plain(exponential)(1) * ',  ' * w[t] %~% plain(half-normal)(0,1)",1.321560135379
"seagrass",1955,0.182823686041062,"omega[j*"",""*t] %~% plain(exponential)(1) * ',  ' * w[t] %~% plain(half-normal)(0,1)",1.35792246453634
"seagrass",1956,0.192620628656127,"omega[j*"",""*t] %~% plain(exponential)(1) * ',  ' * w[t] %~% plain(half-normal)(0,1)",1.37129133308753
"seagrass",1957,0.0970081947591332,"omega[j*"",""*t] %~% plain(exponential)(1) * ',  ' * w[t] %~% plain(half-normal)(0,1)",1.24625174300223
"seagrass",1958,0.0141639269539526,"omega[j*"",""*t] %~% plain(exponential)(1) * ',  ' * w[t] %~% plain(half-normal)(0,1)",1.14716785845547
"seagrass",1959,-0.0376770511811346,"omega[j*"",""*t] %~% plain(exponential)(1) * ',  ' * w[t] %~% plain(half-normal)(0,1)",1.08921275801894
"seagrass",1960,0.0812476936052915,"omega[j*"",""*t] %~% plain(exponential)(1) * ',  ' * w[t] %~% plain(half-normal)(0,1)",1.22676416137557
"seagrass",1961,0.0159454665531136,"omega[j*"",""*t] %~% plain(exponential)(1) * ',  ' * w[t] %~% plain(half-normal)(0,1)",1.14921340499225
"seagrass",1962,0.0303816164227806,"omega[j*"",""*t] %~% plain(exponential)(1) * ',  ' * w[t] %~% plain(half-normal)(0,1)",1.16592394969398
"seagrass",1963,0.0760949483404894,"omega[j*"",""*t] %~% plain(exponential)(1) * ',  ' * w[t] %~% plain(half-normal)(0,1)",1.22045921599085
"seagrass",1964,0.0239906630570789,"omega[j*"",""*t] %~% plain(exponential)(1) * ',  ' * w[t] %~% plain(half-normal)(0,1)",1.15849634412519
"seagrass",1965,-0.0249096611392878,"omega[j*"",""*t] %~% plain(exponential)(1) * ',  ' * w[t] %~% plain(half-normal)(0,1)",1.10320831539597
"seagrass",1966,-0.0300030061247177,"omega[j*"",""*t] %~% plain(exponential)(1) * ',  ' * w[t] %~% plain(half-normal)(0,1)",1.09760358039589
"seagrass",1967,0.057341827828286,"omega[j*"",""*t] %~% plain(exponential)(1) * ',  ' * w[t] %~% plain(half-normal)(0,1)",1.19778506725396
"seagrass",1968,0.0278144000211823,"omega[j*"",""*t] %~% plain(exponential)(1) * ',  ' * w[t] %~% plain(half-normal)(0,1)",1.16293460939083
"seagrass",1969,-0.00972037175231907,"omega[j*"",""*t] %~% plain(exponential)(1) * ',  ' * w[t] %~% plain(half-normal)(0,1)",1.12009317563624
"seagrass",1970,-0.0435809403297528,"omega[j*"",""*t] %~% plain(exponential)(1) * ',  ' * w[t] %~% plain(half-normal)(0,1)",1.0828011120834
"seagrass",1971,-0.220500435640616,"omega[j*"",""*t] %~% plain(exponential)(1) * ',  ' * w[t] %~% plain(half-normal)(0,1)",0.907221915040959
"seagrass",1972,-0.252720304275069,"omega[j*"",""*t] %~% plain(exponential)(1) * ',  ' * w[t] %~% plain(half-normal)(0,1)",0.878457229697304
"seagrass",1973,-0.320444780467741,"omega[j*"",""*t] %~% plain(exponential)(1) * ',  ' * w[t] %~% plain(half-normal)(0,1)",0.820934023144881
"seagrass",1974,-0.413141203783506,"omega[j*"",""*t] %~% plain(exponential)(1) * ',  ' * w[t] %~% plain(half-normal)(0,1)",0.748256864923846
"seagrass",1975,-0.480583024073278,"omega[j*"",""*t] %~% plain(exponential)(1) * ',  ' * w[t] %~% plain(half-normal)(0,1)",0.699457126814751
"seagrass",1976,-0.515092128376627,"omega[j*"",""*t] %~% plain(exponential)(1) * ',  ' * w[t] %~% plain(half-normal)(0,1)",0.675731222236311
"seagrass",1977,-0.565917145755209,"omega[j*"",""*t] %~% plain(exponential)(1) * ',  ' * w[t] %~% plain(half-normal)(0,1)",0.642245339445209
"seagrass",1978,-0.707819442582622,"omega[j*"",""*t] %~% plain(exponential)(1) * ',  ' * w[t] %~% plain(half-normal)(0,1)",0.55728015376093
"seagrass",1979,-0.488665028371956,"omega[j*"",""*t] %~% plain(exponential)(1) * ',  ' * w[t] %~% plain(half-normal)(0,1)",0.693826893739687
"seagrass",1980,-0.393286130416228,"omega[j*"",""*t] %~% plain(exponential)(1) * ',  ' * w[t] %~% plain(half-normal)(0,1)",0.763262031267389
"seagrass",1981,-0.344150861929707,"omega[j*"",""*t] %~% plain(exponential)(1) * ',  ' * w[t] %~% plain(half-normal)(0,1)",0.801701755833073
"seagrass",1982,-0.228500982374275,"omega[j*"",""*t] %~% plain(exponential)(1) * ',  ' * w[t] %~% plain(half-normal)(0,1)",0.899992601503846
"seagrass",1983,-0.279653457099448,"omega[j*"",""*t] %~% plain(exponential)(1) * ',  ' * w[t] %~% plain(half-normal)(0,1)",0.855113379727954
"seagrass",1984,-0.4606168247932,"omega[j*"",""*t] %~% plain(exponential)(1) * ',  ' * w[t] %~% plain(half-normal)(0,1)",0.713562978717659
"seagrass",1985,-0.458371715955682,"omega[j*"",""*t] %~% plain(exponential)(1) * ',  ' * w[t] %~% plain(half-normal)(0,1)",0.715166804975881
"seagrass",1986,-0.460745099041364,"omega[j*"",""*t] %~% plain(exponential)(1) * ',  ' * w[t] %~% plain(half-normal)(0,1)",0.713471452833379
"seagrass",1987,-0.442716049580078,"omega[j*"",""*t] %~% plain(exponential)(1) * ',  ' * w[t] %~% plain(half-normal)(0,1)",0.726451320698988
"seagrass",1988,-0.343132185695046,"omega[j*"",""*t] %~% plain(exponential)(1) * ',  ' * w[t] %~% plain(half-normal)(0,1)",0.802518846463772
"seagrass",1989,-0.32534510292992,"omega[j*"",""*t] %~% plain(exponential)(1) * ',  ' * w[t] %~% plain(half-normal)(0,1)",0.816921022240931
"seagrass",1990,-0.209086954206317,"omega[j*"",""*t] %~% plain(exponential)(1) * ',  ' * w[t] %~% plain(half-normal)(0,1)",0.917635791770478
"seagrass",1991,-0.172184158656061,"omega[j*"",""*t] %~% plain(exponential)(1) * ',  ' * w[t] %~% plain(half-normal)(0,1)",0.952131700855105
"seagrass",1992,-0.111211651628081,"omega[j*"",""*t] %~% plain(exponential)(1) * ',  ' * w[t] %~% plain(half-normal)(0,1)",1.01199192795387
"seagrass",1993,-0.0268498630506327,"omega[j*"",""*t] %~% plain(exponential)(1) * ',  ' * w[t] %~% plain(half-normal)(0,1)",1.10106994362113
"seagrass",1994,-0.0562793820682914,"omega[j*"",""*t] %~% plain(exponential)(1) * ',  ' * w[t] %~% plain(half-normal)(0,1)",1.06913815795659
"seagrass",1995,0.0283722798663771,"omega[j*"",""*t] %~% plain(exponential)(1) * ',  ' * w[t] %~% plain(half-normal)(0,1)",1.16358356817437
"seagrass",1996,-0.0497920702190575,"omega[j*"",""*t] %~% plain(exponential)(1) * ',  ' * w[t] %~% plain(half-normal)(0,1)",1.07609653678015
"seagrass",1997,-0.127507031986635,"omega[j*"",""*t] %~% plain(exponential)(1) * ',  ' * w[t] %~% plain(half-normal)(0,1)",0.995634769580974
"seagrass",1998,-0.194350464795019,"omega[j*"",""*t] %~% plain(exponential)(1) * ',  ' * w[t] %~% plain(half-normal)(0,1)",0.931258651934467
"seagrass",1999,-0.261080880132961,"omega[j*"",""*t] %~% plain(exponential)(1) * ',  ' * w[t] %~% plain(half-normal)(0,1)",0.87114343774902
"seagrass",2000,-0.158638071542518,"omega[j*"",""*t] %~% plain(exponential)(1) * ',  ' * w[t] %~% plain(half-normal)(0,1)",0.965117112009648
"seagrass",2001,-0.0805038621217258,"omega[j*"",""*t] %~% plain(exponential)(1) * ',  ' * w[t] %~% plain(half-normal)(0,1)",1.04355002291013
"seagrass",2002,0.00310328830795373,"omega[j*"",""*t] %~% plain(exponential)(1) * ',  ' * w[t] %~% plain(half-normal)(0,1)",1.13454936226303
"seagrass",2003,-0.221731668128971,"omega[j*"",""*t] %~% plain(exponential)(1) * ',  ' * w[t] %~% plain(half-normal)(0,1)",0.906105601306903
"seagrass",2004,-0.402061906908813,"omega[j*"",""*t] %~% plain(exponential)(1) * ',  ' * w[t] %~% plain(half-normal)(0,1)",0.756593119515253
"seagrass",2005,-0.373044448136238,"omega[j*"",""*t] %~% plain(exponential)(1) * ',  ' * w[t] %~% plain(half-normal)(0,1)",0.778869163220547
"seagrass",2006,-0.455672099900073,"omega[j*"",""*t] %~% plain(exponential)(1) * ',  ' * w[t] %~% plain(half-normal)(0,1)",0.7171000891534
"seagrass",2007,-0.303355584110953,"omega[j*"",""*t] %~% plain(exponential)(1) * ',  ' * w[t] %~% plain(half-normal)(0,1)",0.835083684679882
"seagrass",2008,-0.259874400109328,"omega[j*"",""*t] %~% plain(exponential)(1) * ',  ' * w[t] %~% plain(half-normal)(0,1)",0.872195089175037
"seagrass",2009,-0.174765798006154,"omega[j*"",""*t] %~% plain(exponential)(1) * ',  ' * w[t] %~% plain(half-normal)(0,1)",0.949676810374098
"seagrass",2010,-0.251939256348244,"omega[j*"",""*t] %~% plain(exponential)(1) * ',  ' * w[t] %~% plain(half-normal)(0,1)",0.879143614910344
"seagrass",2011,-0.348939790268214,"omega[j*"",""*t] %~% plain(exponential)(1) * ',  ' * w[t] %~% plain(half-normal)(0,1)",0.797871641965883
"seagrass",2012,-0.379765031244039,"omega[j*"",""*t] %~% plain(exponential)(1) * ',  ' * w[t] %~% plain(half-normal)(0,1)",0.773652258236425
"seagrass",2013,-0.135451673320124,"omega[j*"",""*t] %~% plain(exponential)(1) * ',  ' * w[t] %~% plain(half-normal)(0,1)",0.987756146295364
"seagrass",2014,-0.0101286390299517,"omega[j*"",""*t] %~% plain(exponential)(1) * ',  ' * w[t] %~% plain(half-normal)(0,1)",1.11963597158181
"seagrass",2015,0.0826074838193791,"omega[j*"",""*t] %~% plain(exponential)(1) * ',  ' * w[t] %~% plain(half-normal)(0,1)",1.22843343795297
"seagrass",2016,0.0830798420140413,"omega[j*"",""*t] %~% plain(exponential)(1) * ',  ' * w[t] %~% plain(half-normal)(0,1)",1.22901383562099
"seagrass",1950,-0.207735497450624,"omega[j*"",""*t] %~% plain(half-normal)(0,1) * ',  ' * w[t] %~% plain(half-normal)(0,1)",0.919053446475029
"seagrass",1951,-0.0971042524379103,"omega[j*"",""*t] %~% plain(half-normal)(0,1) * ',  ' * w[t] %~% plain(half-normal)(0,1)",1.02656701870531
"seagrass",1952,-0.0414853403518433,"omega[j*"",""*t] %~% plain(half-normal)(0,1) * ',  ' * w[t] %~% plain(half-normal)(0,1)",1.08528123480471
"seagrass",1953,0.0913839796102319,"omega[j*"",""*t] %~% plain(half-normal)(0,1) * ',  ' * w[t] %~% plain(half-normal)(0,1)",1.23950050008776
"seagrass",1954,0.158606458224591,"omega[j*"",""*t] %~% plain(half-normal)(0,1) * ',  ' * w[t] %~% plain(half-normal)(0,1)",1.32568718418065
"seagrass",1955,0.191049965618171,"omega[j*"",""*t] %~% plain(half-normal)(0,1) * ',  ' * w[t] %~% plain(half-normal)(0,1)",1.36940242966751
"seagrass",1956,0.20077760242983,"omega[j*"",""*t] %~% plain(half-normal)(0,1) * ',  ' * w[t] %~% plain(half-normal)(0,1)",1.38278848091821
"seagrass",1957,0.105343404539333,"omega[j*"",""*t] %~% plain(half-normal)(0,1) * ',  ' * w[t] %~% plain(half-normal)(0,1)",1.25692454615524
"seagrass",1958,0.020854966038435,"omega[j*"",""*t] %~% plain(half-normal)(0,1) * ',  ' * w[t] %~% plain(half-normal)(0,1)",1.15509138537487
"seagrass",1959,-0.0258558256960887,"omega[j*"",""*t] %~% plain(half-normal)(0,1) * ',  ' * w[t] %~% plain(half-normal)(0,1)",1.10237690426601
"seagrass",1960,0.0892802907061683,"omega[j*"",""*t] %~% plain(half-normal)(0,1) * ',  ' * w[t] %~% plain(half-normal)(0,1)",1.23689571742596
"seagrass",1961,0.0225881858839453,"omega[j*"",""*t] %~% plain(half-normal)(0,1) * ',  ' * w[t] %~% plain(half-normal)(0,1)",1.15709514866692
"seagrass",1962,0.044673174060002,"omega[j*"",""*t] %~% plain(half-normal)(0,1) * ',  ' * w[t] %~% plain(half-normal)(0,1)",1.18293385488434
"seagrass",1963,0.0818457602915126,"omega[j*"",""*t] %~% plain(half-normal)(0,1) * ',  ' * w[t] %~% plain(half-normal)(0,1)",1.22773407704071
"seagrass",1964,0.0386342697703112,"omega[j*"",""*t] %~% plain(half-normal)(0,1) * ',  ' * w[t] %~% plain(half-normal)(0,1)",1.17581175703155
"seagrass",1965,-0.0169973168538971,"omega[j*"",""*t] %~% plain(half-normal)(0,1) * ',  ' * w[t] %~% plain(half-normal)(0,1)",1.11218570133378
"seagrass",1966,-0.0190250601262292,"omega[j*"",""*t] %~% plain(half-normal)(0,1) * ',  ' * w[t] %~% plain(half-normal)(0,1)",1.10993275922638
"seagrass",1967,0.0590075930063146,"omega[j*"",""*t] %~% plain(half-normal)(0,1) * ',  ' * w[t] %~% plain(half-normal)(0,1)",1.20001263913187
"seagrass",1968,0.0348880647285949,"omega[j*"",""*t] %~% plain(half-normal)(0,1) * ',  ' * w[t] %~% plain(half-normal)(0,1)",1.17141516550775
"seagrass",1969,-0.00839131788198597,"omega[j*"",""*t] %~% plain(half-normal)(0,1) * ',  ' * w[t] %~% plain(half-normal)(0,1)",1.12179847476584
"seagrass",1970,-0.0392868381491586,"omega[j*"",""*t] %~% plain(half-normal)(0,1) * ',  ' * w[t] %~% plain(half-normal)(0,1)",1.08766985271873
"seagrass",1971,-0.20996899098223,"omega[j*"",""*t] %~% plain(half-normal)(0,1) * ',  ' * w[t] %~% plain(half-normal)(0,1)",0.917003037187439
"seagrass",1972,-0.251715213213314,"omega[j*"",""*t] %~% plain(half-normal)(0,1) * ',  ' * w[t] %~% plain(half-normal)(0,1)",0.879509672735505
"seagrass",1973,-0.318258385214195,"omega[j*"",""*t] %~% plain(half-normal)(0,1) * ',  ' * w[t] %~% plain(half-normal)(0,1)",0.822889058381526
"seagrass",1974,-0.407358089131634,"omega[j*"",""*t] %~% plain(half-normal)(0,1) * ',  ' * w[t] %~% plain(half-normal)(0,1)",0.75274135759944
"seagrass",1975,-0.474032721569492,"omega[j*"",""*t] %~% plain(half-normal)(0,1) * ',  ' * w[t] %~% plain(half-normal)(0,1)",0.704189188524166
"seagrass",1976,-0.509339030260189,"omega[j*"",""*t] %~% plain(half-normal)(0,1) * ',  ' * w[t] %~% plain(half-normal)(0,1)",0.679760646022952
"seagrass",1977,-0.558396374982005,"omega[j*"",""*t] %~% plain(half-normal)(0,1) * ',  ' * w[t] %~% plain(half-normal)(0,1)",0.647218144246102
"seagrass",1978,-0.697130909707824,"omega[j*"",""*t] %~% plain(half-normal)(0,1) * ',  ' * w[t] %~% plain(half-normal)(0,1)",0.563376906805387
"seagrass",1979,-0.486693300600148,"omega[j*"",""*t] %~% plain(half-normal)(0,1) * ',  ' * w[t] %~% plain(half-normal)(0,1)",0.695329945560384
"seagrass",1980,-0.388966141518745,"omega[j*"",""*t] %~% plain(half-normal)(0,1) * ',  ' * w[t] %~% plain(half-normal)(0,1)",0.766713833877377
"seagrass",1981,-0.34516884339419,"omega[j*"",""*t] %~% plain(half-normal)(0,1) * ',  ' * w[t] %~% plain(half-normal)(0,1)",0.801040038874844
"seagrass",1982,-0.227228472892452,"omega[j*"",""*t] %~% plain(half-normal)(0,1) * ',  ' * w[t] %~% plain(half-normal)(0,1)",0.901311840338149
"seagrass",1983,-0.280426529775113,"omega[j*"",""*t] %~% plain(half-normal)(0,1) * ',  ' * w[t] %~% plain(half-normal)(0,1)",0.854616854877258
"seagrass",1984,-0.455914367443434,"omega[j*"",""*t] %~% plain(half-normal)(0,1) * ',  ' * w[t] %~% plain(half-normal)(0,1)",0.717064222616662
"seagrass",1985,-0.456434909467905,"omega[j*"",""*t] %~% plain(half-normal)(0,1) * ',  ' * w[t] %~% plain(half-normal)(0,1)",0.716691057686986
"seagrass",1986,-0.457430288159111,"omega[j*"",""*t] %~% plain(half-normal)(0,1) * ',  ' * w[t] %~% plain(half-normal)(0,1)",0.715978033603346
"seagrass",1987,-0.441081700836456,"omega[j*"",""*t] %~% plain(half-normal)(0,1) * ',  ' * w[t] %~% plain(half-normal)(0,1)",0.727779468549194
"seagrass",1988,-0.342933866791963,"omega[j*"",""*t] %~% plain(half-normal)(0,1) * ',  ' * w[t] %~% plain(half-normal)(0,1)",0.802832346756199
"seagrass",1989,-0.321514444322382,"omega[j*"",""*t] %~% plain(half-normal)(0,1) * ',  ' * w[t] %~% plain(half-normal)(0,1)",0.820214040339746
"seagrass",1990,-0.207804885331712,"omega[j*"",""*t] %~% plain(half-normal)(0,1) * ',  ' * w[t] %~% plain(half-normal)(0,1)",0.918989677516194
"seagrass",1991,-0.172310090165225,"omega[j*"",""*t] %~% plain(half-normal)(0,1) * ',  ' * w[t] %~% plain(half-normal)(0,1)",0.952194847087049
"seagrass",1992,-0.111623038169322,"omega[j*"",""*t] %~% plain(half-normal)(0,1) * ',  ' * w[t] %~% plain(half-normal)(0,1)",1.01177018805275
"seagrass",1993,-0.0277185180014882,"omega[j*"",""*t] %~% plain(half-normal)(0,1) * ',  ' * w[t] %~% plain(half-normal)(0,1)",1.10032542651785
"seagrass",1994,-0.0559201188577871,"omega[j*"",""*t] %~% plain(half-normal)(0,1) * ',  ' * w[t] %~% plain(half-normal)(0,1)",1.06972796462801
"seagrass",1995,0.0238669300794175,"omega[j*"",""*t] %~% plain(half-normal)(0,1) * ',  ' * w[t] %~% plain(half-normal)(0,1)",1.15857572380857
"seagrass",1996,-0.0516424331446011,"omega[j*"",""*t] %~% plain(half-normal)(0,1) * ',  ' * w[t] %~% plain(half-normal)(0,1)",1.07431372588927
"seagrass",1997,-0.123722308040196,"omega[j*"",""*t] %~% plain(half-normal)(0,1) * ',  ' * w[t] %~% plain(half-normal)(0,1)",0.99960226741845
"seagrass",1998,-0.193241250058335,"omega[j*"",""*t] %~% plain(half-normal)(0,1) * ',  ' * w[t] %~% plain(half-normal)(0,1)",0.932471441457235
"seagrass",1999,-0.259227252419479,"omega[j*"",""*t] %~% plain(half-normal)(0,1) * ',  ' * w[t] %~% plain(half-normal)(0,1)",0.872927515257201
"seagrass",2000,-0.159576232975814,"omega[j*"",""*t] %~% plain(half-normal)(0,1) * ',  ' * w[t] %~% plain(half-normal)(0,1)",0.964397488745568
"seagrass",2001,-0.0792936530742391,"omega[j*"",""*t] %~% plain(half-normal)(0,1) * ',  ' * w[t] %~% plain(half-normal)(0,1)",1.04501458605614
"seagrass",2002,-0.00687280486391618,"omega[j*"",""*t] %~% plain(half-normal)(0,1) * ',  ' * w[t] %~% plain(half-normal)(0,1)",1.12350323437567
"seagrass",2003,-0.219773090421652,"omega[j*"",""*t] %~% plain(half-normal)(0,1) * ',  ' * w[t] %~% plain(half-normal)(0,1)",0.908056575884039
"seagrass",2004,-0.40537966782523,"omega[j*"",""*t] %~% plain(half-normal)(0,1) * ',  ' * w[t] %~% plain(half-normal)(0,1)",0.754232071283143
"seagrass",2005,-0.373102000285472,"omega[j*"",""*t] %~% plain(half-normal)(0,1) * ',  ' * w[t] %~% plain(half-normal)(0,1)",0.778974082453009
"seagrass",2006,-0.449791164309516,"omega[j*"",""*t] %~% plain(half-normal)(0,1) * ',  ' * w[t] %~% plain(half-normal)(0,1)",0.721468422656779
"seagrass",2007,-0.30148925504703,"omega[j*"",""*t] %~% plain(half-normal)(0,1) * ',  ' * w[t] %~% plain(half-normal)(0,1)",0.836804541297901
"seagrass",2008,-0.256758917016961,"omega[j*"",""*t] %~% plain(half-normal)(0,1) * ',  ' * w[t] %~% plain(half-normal)(0,1)",0.875084854570112
"seagrass",2009,-0.17058293748412,"omega[j*"",""*t] %~% plain(half-normal)(0,1) * ',  ' * w[t] %~% plain(half-normal)(0,1)",0.95384085401359
"seagrass",2010,-0.247581595528629,"omega[j*"",""*t] %~% plain(half-normal)(0,1) * ',  ' * w[t] %~% plain(half-normal)(0,1)",0.88315275383743
"seagrass",2011,-0.342407222686939,"omega[j*"",""*t] %~% plain(half-normal)(0,1) * ',  ' * w[t] %~% plain(half-normal)(0,1)",0.803255265032875
"seagrass",2012,-0.370152450225897,"omega[j*"",""*t] %~% plain(half-normal)(0,1) * ',  ' * w[t] %~% plain(half-normal)(0,1)",0.781275097315372
"seagrass",2013,-0.130777393754038,"omega[j*"",""*t] %~% plain(half-normal)(0,1) * ',  ' * w[t] %~% plain(half-normal)(0,1)",0.992574806560264
"seagrass",2014,-0.0101562978354679,"omega[j*"",""*t] %~% plain(half-normal)(0,1) * ',  ' * w[t] %~% plain(half-normal)(0,1)",1.11982026920614
"seagrass",2015,0.0806415952992064,"omega[j*"",""*t] %~% plain(half-normal)(0,1) * ',  ' * w[t] %~% plain(half-normal)(0,1)",1.22625657240349
"seagrass",2016,0.0829312314484397,"omega[j*"",""*t] %~% plain(half-normal)(0,1) * ',  ' * w[t] %~% plain(half-normal)(0,1)",1.22906747051887
"seagrass",1950,-0.213609795840814,"omega[j*"",""*t] %~% plain(half-Cauchy)(0,1) * ',  ' * w[t] %~% plain(half-normal)(0,1)",0.912153528581657
"seagrass",1951,-0.104182560077368,"omega[j*"",""*t] %~% plain(half-Cauchy)(0,1) * ',  ' * w[t] %~% plain(half-normal)(0,1)",1.01763394956137
"seagrass",1952,-0.0437711438215964,"omega[j*"",""*t] %~% plain(half-Cauchy)(0,1) * ',  ' * w[t] %~% plain(half-normal)(0,1)",1.08100557043906
"seagrass",1953,0.0857008967106515,"omega[j*"",""*t] %~% plain(half-Cauchy)(0,1) * ',  ' * w[t] %~% plain(half-normal)(0,1)",1.2304300374444
"seagrass",1954,0.153483363475762,"omega[j*"",""*t] %~% plain(half-Cauchy)(0,1) * ',  ' * w[t] %~% plain(half-normal)(0,1)",1.31672316438493
"seagrass",1955,0.184511386921054,"omega[j*"",""*t] %~% plain(half-Cauchy)(0,1) * ',  ' * w[t] %~% plain(half-normal)(0,1)",1.35821891813488
"seagrass",1956,0.199864276095043,"omega[j*"",""*t] %~% plain(half-Cauchy)(0,1) * ',  ' * w[t] %~% plain(half-normal)(0,1)",1.37923239872053
"seagrass",1957,0.0990340814187649,"omega[j*"",""*t] %~% plain(half-Cauchy)(0,1) * ',  ' * w[t] %~% plain(half-normal)(0,1)",1.24694544522879
"seagrass",1958,0.0199014415481686,"omega[j*"",""*t] %~% plain(half-Cauchy)(0,1) * ',  ' * w[t] %~% plain(half-normal)(0,1)",1.15207455384175
"seagrass",1959,-0.026930188160581,"omega[j*"",""*t] %~% plain(half-Cauchy)(0,1) * ',  ' * w[t] %~% plain(half-normal)(0,1)",1.09936489771115
"seagrass",1960,0.0849799963737003,"omega[j*"",""*t] %~% plain(half-Cauchy)(0,1) * ',  ' * w[t] %~% plain(half-normal)(0,1)",1.22954333966458
"seagrass",1961,0.0223735750982806,"omega[j*"",""*t] %~% plain(half-Cauchy)(0,1) * ',  ' * w[t] %~% plain(half-normal)(0,1)",1.15492615932104
"seagrass",1962,0.0411511547621036,"omega[j*"",""*t] %~% plain(half-Cauchy)(0,1) * ',  ' * w[t] %~% plain(half-normal)(0,1)",1.17681776977299
"seagrass",1963,0.0815644947405553,"omega[j*"",""*t] %~% plain(half-Cauchy)(0,1) * ',  ' * w[t] %~% plain(half-normal)(0,1)",1.22535099593389
"seagrass",1964,0.0357753819055031,"omega[j*"",""*t] %~% plain(half-Cauchy)(0,1) * ',  ' * w[t] %~% plain(half-normal)(0,1)",1.17050843870882
"seagrass",1965,-0.0161848945156688,"omega[j*"",""*t] %~% plain(half-Cauchy)(0,1) * ',  ' * w[t] %~% plain(half-normal)(0,1)",1.1112415913657
"seagrass",1966,-0.0194583695044889,"omega[j*"",""*t] %~% plain(half-Cauchy)(0,1) * ',  ' * w[t] %~% plain(half-normal)(0,1)",1.10760991715016
"seagrass",1967,0.0628311638765121,"omega[j*"",""*t] %~% plain(half-Cauchy)(0,1) * ',  ' * w[t] %~% plain(half-normal)(0,1)",1.20260976486444
"seagrass",1968,0.0420131040280362,"omega[j*"",""*t] %~% plain(half-Cauchy)(0,1) * ',  ' * w[t] %~% plain(half-normal)(0,1)",1.17783256427364
"seagrass",1969,-0.00264018583042392,"omega[j*"",""*t] %~% plain(half-Cauchy)(0,1) * ',  ' * w[t] %~% plain(half-normal)(0,1)",1.12639543049276
"seagrass",1970,-0.03525011285861,"omega[j*"",""*t] %~% plain(half-Cauchy)(0,1) * ',  ' * w[t] %~% plain(half-normal)(0,1)",1.09025620889184
"seagrass",1971,-0.207788604498758,"omega[j*"",""*t] %~% plain(half-Cauchy)(0,1) * ',  ' * w[t] %~% plain(half-normal)(0,1)",0.917478833576643
"seagrass",1972,-0.247604181528367,"omega[j*"",""*t] %~% plain(half-Cauchy)(0,1) * ',  ' * w[t] %~% plain(half-normal)(0,1)",0.881666558519221
"seagrass",1973,-0.313478531935945,"omega[j*"",""*t] %~% plain(half-Cauchy)(0,1) * ',  ' * w[t] %~% plain(half-normal)(0,1)",0.825458989513383
"seagrass",1974,-0.40404977118852,"omega[j*"",""*t] %~% plain(half-Cauchy)(0,1) * ',  ' * w[t] %~% plain(half-normal)(0,1)",0.753981885589021
"seagrass",1975,-0.469083610196254,"omega[j*"",""*t] %~% plain(half-Cauchy)(0,1) * ',  ' * w[t] %~% plain(half-normal)(0,1)",0.706507985027737
"seagrass",1976,-0.506062161976088,"omega[j*"",""*t] %~% plain(half-Cauchy)(0,1) * ',  ' * w[t] %~% plain(half-normal)(0,1)",0.680859487672365
"seagrass",1977,-0.563514635072354,"omega[j*"",""*t] %~% plain(half-Cauchy)(0,1) * ',  ' * w[t] %~% plain(half-normal)(0,1)",0.642844898290342
"seagrass",1978,-0.696715014115316,"omega[j*"",""*t] %~% plain(half-Cauchy)(0,1) * ',  ' * w[t] %~% plain(half-normal)(0,1)",0.562675508416572
"seagrass",1979,-0.490685527485187,"omega[j*"",""*t] %~% plain(half-Cauchy)(0,1) * ',  ' * w[t] %~% plain(half-normal)(0,1)",0.691409720818686
"seagrass",1980,-0.389083190149533,"omega[j*"",""*t] %~% plain(half-Cauchy)(0,1) * ',  ' * w[t] %~% plain(half-normal)(0,1)",0.765351284872872
"seagrass",1981,-0.34596614778107,"omega[j*"",""*t] %~% plain(half-Cauchy)(0,1) * ',  ' * w[t] %~% plain(half-normal)(0,1)",0.799072729043176
"seagrass",1982,-0.2282858744913,"omega[j*"",""*t] %~% plain(half-Cauchy)(0,1) * ',  ' * w[t] %~% plain(half-normal)(0,1)",0.898864445989625
"seagrass",1983,-0.278422161494871,"omega[j*"",""*t] %~% plain(half-Cauchy)(0,1) * ',  ' * w[t] %~% plain(half-normal)(0,1)",0.854909788629478
"seagrass",1984,-0.454795402179797,"omega[j*"",""*t] %~% plain(half-Cauchy)(0,1) * ',  ' * w[t] %~% plain(half-normal)(0,1)",0.716675180614572
"seagrass",1985,-0.455603921353867,"omega[j*"",""*t] %~% plain(half-Cauchy)(0,1) * ',  ' * w[t] %~% plain(half-normal)(0,1)",0.716095969172796
"seagrass",1986,-0.454650157402831,"omega[j*"",""*t] %~% plain(half-Cauchy)(0,1) * ',  ' * w[t] %~% plain(half-normal)(0,1)",0.71677928150121
"seagrass",1987,-0.438467220611926,"omega[j*"",""*t] %~% plain(half-Cauchy)(0,1) * ',  ' * w[t] %~% plain(half-normal)(0,1)",0.72847324140644
"seagrass",1988,-0.341537465221463,"omega[j*"",""*t] %~% plain(half-Cauchy)(0,1) * ',  ' * w[t] %~% plain(half-normal)(0,1)",0.802619416281275
"seagrass",1989,-0.317196405822083,"omega[j*"",""*t] %~% plain(half-Cauchy)(0,1) * ',  ' * w[t] %~% plain(half-normal)(0,1)",0.822395735017649
"seagrass",1990,-0.203272716032036,"omega[j*"",""*t] %~% plain(half-Cauchy)(0,1) * ',  ' * w[t] %~% plain(half-normal)(0,1)",0.921631434944882
"seagrass",1991,-0.169892867520807,"omega[j*"",""*t] %~% plain(half-Cauchy)(0,1) * ',  ' * w[t] %~% plain(half-normal)(0,1)",0.952914561009465
"seagrass",1992,-0.10479109478402,"omega[j*"",""*t] %~% plain(half-Cauchy)(0,1) * ',  ' * w[t] %~% plain(half-normal)(0,1)",1.01701487236848
"seagrass",1993,-0.0239884126299712,"omega[j*"",""*t] %~% plain(half-Cauchy)(0,1) * ',  ' * w[t] %~% plain(half-normal)(0,1)",1.10260374411023
"seagrass",1994,-0.0510997376719489,"omega[j*"",""*t] %~% plain(half-Cauchy)(0,1) * ',  ' * w[t] %~% plain(half-normal)(0,1)",1.07311227835715
"seagrass",1995,0.0245214347293701,"omega[j*"",""*t] %~% plain(half-Cauchy)(0,1) * ',  ' * w[t] %~% plain(half-normal)(0,1)",1.15740944451486
"seagrass",1996,-0.0508191657582036,"omega[j*"",""*t] %~% plain(half-Cauchy)(0,1) * ',  ' * w[t] %~% plain(half-normal)(0,1)",1.07341340576473
"seagrass",1997,-0.122781167423926,"omega[j*"",""*t] %~% plain(half-Cauchy)(0,1) * ',  ' * w[t] %~% plain(half-normal)(0,1)",0.99888229318417
"seagrass",1998,-0.192889469730663,"omega[j*"",""*t] %~% plain(half-Cauchy)(0,1) * ',  ' * w[t] %~% plain(half-normal)(0,1)",0.931250814905297
"seagrass",1999,-0.258096842232733,"omega[j*"",""*t] %~% plain(half-Cauchy)(0,1) * ',  ' * w[t] %~% plain(half-normal)(0,1)",0.872463895109818
"seagrass",2000,-0.156770775772511,"omega[j*"",""*t] %~% plain(half-Cauchy)(0,1) * ',  ' * w[t] %~% plain(half-normal)(0,1)",0.965501194178507
"seagrass",2001,-0.0775955648195935,"omega[j*"",""*t] %~% plain(half-Cauchy)(0,1) * ',  ' * w[t] %~% plain(half-normal)(0,1)",1.04505265393534
"seagrass",2002,0.00026139345456276,"omega[j*"",""*t] %~% plain(half-Cauchy)(0,1) * ',  ' * w[t] %~% plain(half-normal)(0,1)",1.129668502383
"seagrass",2003,-0.217028320455624,"omega[j*"",""*t] %~% plain(half-Cauchy)(0,1) * ',  ' * w[t] %~% plain(half-normal)(0,1)",0.909040633078187
"seagrass",2004,-0.401642601597338,"omega[j*"",""*t] %~% plain(half-Cauchy)(0,1) * ',  ' * w[t] %~% plain(half-normal)(0,1)",0.755799034071146
"seagrass",2005,-0.371854262574299,"omega[j*"",""*t] %~% plain(half-Cauchy)(0,1) * ',  ' * w[t] %~% plain(half-normal)(0,1)",0.778651713790676
"seagrass",2006,-0.450541433462612,"omega[j*"",""*t] %~% plain(half-Cauchy)(0,1) * ',  ' * w[t] %~% plain(half-normal)(0,1)",0.719730388184689
"seagrass",2007,-0.303395026058649,"omega[j*"",""*t] %~% plain(half-Cauchy)(0,1) * ',  ' * w[t] %~% plain(half-normal)(0,1)",0.833824616628099
"seagrass",2008,-0.258193531307533,"omega[j*"",""*t] %~% plain(half-Cauchy)(0,1) * ',  ' * w[t] %~% plain(half-normal)(0,1)",0.872379541461107
"seagrass",2009,-0.176805409014864,"omega[j*"",""*t] %~% plain(half-Cauchy)(0,1) * ',  ' * w[t] %~% plain(half-normal)(0,1)",0.94635021386599
"seagrass",2010,-0.25239903395999,"omega[j*"",""*t] %~% plain(half-Cauchy)(0,1) * ',  ' * w[t] %~% plain(half-normal)(0,1)",0.8774492163239
"seagrass",2011,-0.346402709527684,"omega[j*"",""*t] %~% plain(half-Cauchy)(0,1) * ',  ' * w[t] %~% plain(half-normal)(0,1)",0.798723960591935
"seagrass",2012,-0.375996508413177,"omega[j*"",""*t] %~% plain(half-Cauchy)(0,1) * ',  ' * w[t] %~% plain(half-normal)(0,1)",0.7754330178864
"seagrass",2013,-0.136271153013459,"omega[j*"",""*t] %~% plain(half-Cauchy)(0,1) * ',  ' * w[t] %~% plain(half-normal)(0,1)",0.9854978662804
"seagrass",2014,-0.0104408113091041,"omega[j*"",""*t] %~% plain(half-Cauchy)(0,1) * ',  ' * w[t] %~% plain(half-normal)(0,1)",1.11764302310639
"seagrass",2015,0.0827250235279082,"omega[j*"",""*t] %~% plain(half-Cauchy)(0,1) * ',  ' * w[t] %~% plain(half-normal)(0,1)",1.22677387652653
"seagrass",2016,0.0811268302089462,"omega[j*"",""*t] %~% plain(half-Cauchy)(0,1) * ',  ' * w[t] %~% plain(half-normal)(0,1)",1.22481482060522
"seagrass",1950,-0.23243396521281,"omega[j*"",""*t] %~% plain(exponential)(1) * ',  ' * w[t] %~% plain(half-Cauchy)(0,1)",0.896482787673874
"seagrass",1951,-0.108248824944312,"omega[j*"",""*t] %~% plain(exponential)(1) * ',  ' * w[t] %~% plain(half-Cauchy)(0,1)",1.01502064752481
"seagrass",1952,-0.0397990889805192,"omega[j*"",""*t] %~% plain(exponential)(1) * ',  ' * w[t] %~% plain(half-Cauchy)(0,1)",1.08693161082955
"seagrass",1953,0.0891361328297756,"omega[j*"",""*t] %~% plain(exponential)(1) * ',  ' * w[t] %~% plain(half-Cauchy)(0,1)",1.23651125772911
"seagrass",1954,0.155577532117536,"omega[j*"",""*t] %~% plain(exponential)(1) * ',  ' * w[t] %~% plain(half-Cauchy)(0,1)",1.32145752327929
"seagrass",1955,0.186755888992715,"omega[j*"",""*t] %~% plain(exponential)(1) * ',  ' * w[t] %~% plain(half-Cauchy)(0,1)",1.36330741283153
"seagrass",1956,0.197605560181912,"omega[j*"",""*t] %~% plain(exponential)(1) * ',  ' * w[t] %~% plain(half-Cauchy)(0,1)",1.37817938209075
"seagrass",1957,0.0975779649012113,"omega[j*"",""*t] %~% plain(exponential)(1) * ',  ' * w[t] %~% plain(half-Cauchy)(0,1)",1.24699386206094
"seagrass",1958,0.0204284017246181,"omega[j*"",""*t] %~% plain(exponential)(1) * ',  ' * w[t] %~% plain(half-Cauchy)(0,1)",1.15440629480709
"seagrass",1959,-0.0284429680310835,"omega[j*"",""*t] %~% plain(exponential)(1) * ',  ' * w[t] %~% plain(half-Cauchy)(0,1)",1.09934528987933
"seagrass",1960,0.0852124086332727,"omega[j*"",""*t] %~% plain(exponential)(1) * ',  ' * w[t] %~% plain(half-Cauchy)(0,1)",1.2316690345744
"seagrass",1961,0.0191075033416341,"omega[j*"",""*t] %~% plain(exponential)(1) * ',  ' * w[t] %~% plain(half-Cauchy)(0,1)",1.1528824480439
"seagrass",1962,0.0398443546010806,"omega[j*"",""*t] %~% plain(exponential)(1) * ',  ' * w[t] %~% plain(half-Cauchy)(0,1)",1.17703920174782
"seagrass",1963,0.0861065092274825,"omega[j*"",""*t] %~% plain(exponential)(1) * ',  ' * w[t] %~% plain(half-Cauchy)(0,1)",1.23277076304473
"seagrass",1964,0.0327452145337827,"omega[j*"",""*t] %~% plain(exponential)(1) * ',  ' * w[t] %~% plain(half-Cauchy)(0,1)",1.16871282561434
"seagrass",1965,-0.0204688176018898,"omega[j*"",""*t] %~% plain(exponential)(1) * ',  ' * w[t] %~% plain(half-Cauchy)(0,1)",1.10814667976007
"seagrass",1966,-0.022059280869942,"omega[j*"",""*t] %~% plain(exponential)(1) * ',  ' * w[t] %~% plain(half-Cauchy)(0,1)",1.10638561399673
"seagrass",1967,0.0612233842824002,"omega[j*"",""*t] %~% plain(exponential)(1) * ',  ' * w[t] %~% plain(half-Cauchy)(0,1)",1.20247407546742
"seagrass",1968,0.0350453861858461,"omega[j*"",""*t] %~% plain(exponential)(1) * ',  ' * w[t] %~% plain(half-Cauchy)(0,1)",1.17140415980392
"seagrass",1969,-0.00665358762147419,"omega[j*"",""*t] %~% plain(exponential)(1) * ',  ' * w[t] %~% plain(half-Cauchy)(0,1)",1.12356222042865
"seagrass",1970,-0.0421698166177423,"omega[j*"",""*t] %~% plain(exponential)(1) * ',  ' * w[t] %~% plain(half-Cauchy)(0,1)",1.08435784407543
"seagrass",1971,-0.213340699426083,"omega[j*"",""*t] %~% plain(exponential)(1) * ',  ' * w[t] %~% plain(half-Cauchy)(0,1)",0.913764024445144
"seagrass",1972,-0.249967913827588,"omega[j*"",""*t] %~% plain(exponential)(1) * ',  ' * w[t] %~% plain(half-Cauchy)(0,1)",0.880900909669721
"seagrass",1973,-0.314499393262457,"omega[j*"",""*t] %~% plain(exponential)(1) * ',  ' * w[t] %~% plain(half-Cauchy)(0,1)",0.82585041818801
"seagrass",1974,-0.40580170110747,"omega[j*"",""*t] %~% plain(exponential)(1) * ',  ' * w[t] %~% plain(half-Cauchy)(0,1)",0.753788147840815
"seagrass",1975,-0.471838872303279,"omega[j*"",""*t] %~% plain(exponential)(1) * ',  ' * w[t] %~% plain(half-Cauchy)(0,1)",0.705618121174171
"seagrass",1976,-0.513386604768426,"omega[j*"",""*t] %~% plain(exponential)(1) * ',  ' * w[t] %~% plain(half-Cauchy)(0,1)",0.676901964582771
"seagrass",1977,-0.56133836563606,"omega[j*"",""*t] %~% plain(exponential)(1) * ',  ' * w[t] %~% plain(half-Cauchy)(0,1)",0.645209256567018
"seagrass",1978,-0.7000083788559,"omega[j*"",""*t] %~% plain(exponential)(1) * ',  ' * w[t] %~% plain(half-Cauchy)(0,1)",0.561664490565284
"seagrass",1979,-0.486603463008959,"omega[j*"",""*t] %~% plain(exponential)(1) * ',  ' * w[t] %~% plain(half-Cauchy)(0,1)",0.695276491253376
"seagrass",1980,-0.385491867161679,"omega[j*"",""*t] %~% plain(exponential)(1) * ',  ' * w[t] %~% plain(half-Cauchy)(0,1)",0.769253982600978
"seagrass",1981,-0.347767678639293,"omega[j*"",""*t] %~% plain(exponential)(1) * ',  ' * w[t] %~% plain(half-Cauchy)(0,1)",0.798827781486042
"seagrass",1982,-0.229326270755942,"omega[j*"",""*t] %~% plain(exponential)(1) * ',  ' * w[t] %~% plain(half-Cauchy)(0,1)",0.899273115761677
"seagrass",1983,-0.280931731614846,"omega[j*"",""*t] %~% plain(exponential)(1) * ',  ' * w[t] %~% plain(half-Cauchy)(0,1)",0.854042814825033
"seagrass",1984,-0.458656774309242,"omega[j*"",""*t] %~% plain(exponential)(1) * ',  ' * w[t] %~% plain(half-Cauchy)(0,1)",0.714981225489793
"seagrass",1985,-0.461602286973908,"omega[j*"",""*t] %~% plain(exponential)(1) * ',  ' * w[t] %~% plain(half-Cauchy)(0,1)",0.712878337796677
"seagrass",1986,-0.457656515141963,"omega[j*"",""*t] %~% plain(exponential)(1) * ',  ' * w[t] %~% plain(half-Cauchy)(0,1)",0.715696749810244
"seagrass",1987,-0.4418480976513,"omega[j*"",""*t] %~% plain(exponential)(1) * ',  ' * w[t] %~% plain(half-Cauchy)(0,1)",0.727100684415885
"seagrass",1988,-0.341128920837035,"omega[j*"",""*t] %~% plain(exponential)(1) * ',  ' * w[t] %~% plain(half-Cauchy)(0,1)",0.804148648083116
"seagrass",1989,-0.323257827934542,"omega[j*"",""*t] %~% plain(exponential)(1) * ',  ' * w[t] %~% plain(half-Cauchy)(0,1)",0.818648844543653
"seagrass",1990,-0.204224218537112,"omega[j*"",""*t] %~% plain(exponential)(1) * ',  ' * w[t] %~% plain(half-Cauchy)(0,1)",0.922132423929798
"seagrass",1991,-0.172645541235544,"omega[j*"",""*t] %~% plain(exponential)(1) * ',  ' * w[t] %~% plain(half-Cauchy)(0,1)",0.951716805541474
"seagrass",1992,-0.109753515605255,"omega[j*"",""*t] %~% plain(exponential)(1) * ',  ' * w[t] %~% plain(half-Cauchy)(0,1)",1.01349450391078
"seagrass",1993,-0.0254936742846754,"omega[j*"",""*t] %~% plain(exponential)(1) * ',  ' * w[t] %~% plain(half-Cauchy)(0,1)",1.10259236800785
"seagrass",1994,-0.0576258865958465,"omega[j*"",""*t] %~% plain(exponential)(1) * ',  ' * w[t] %~% plain(half-Cauchy)(0,1)",1.06772678980691
"seagrass",1995,0.0229739163536746,"omega[j*"",""*t] %~% plain(exponential)(1) * ',  ' * w[t] %~% plain(half-Cauchy)(0,1)",1.15734859616521
"seagrass",1996,-0.0518026252855932,"omega[j*"",""*t] %~% plain(exponential)(1) * ',  ' * w[t] %~% plain(half-Cauchy)(0,1)",1.07396258061009
"seagrass",1997,-0.123601304769843,"omega[j*"",""*t] %~% plain(exponential)(1) * ',  ' * w[t] %~% plain(half-Cauchy)(0,1)",0.999556573193028
"seagrass",1998,-0.193379558045122,"omega[j*"",""*t] %~% plain(exponential)(1) * ',  ' * w[t] %~% plain(half-Cauchy)(0,1)",0.93218705800161
"seagrass",1999,-0.256622746416563,"omega[j*"",""*t] %~% plain(exponential)(1) * ',  ' * w[t] %~% plain(half-Cauchy)(0,1)",0.875058124530043
"seagrass",2000,-0.158752877677548,"omega[j*"",""*t] %~% plain(exponential)(1) * ',  ' * w[t] %~% plain(half-Cauchy)(0,1)",0.965030957296779
"seagrass",2001,-0.078049335560766,"omega[j*"",""*t] %~% plain(exponential)(1) * ',  ' * w[t] %~% plain(half-Cauchy)(0,1)",1.04614130156698
"seagrass",2002,-0.00067295704313192,"omega[j*"",""*t] %~% plain(exponential)(1) * ',  ' * w[t] %~% plain(half-Cauchy)(0,1)",1.13030196487279
"seagrass",2003,-0.218968370924125,"omega[j*"",""*t] %~% plain(exponential)(1) * ',  ' * w[t] %~% plain(half-Cauchy)(0,1)",0.908636103350257
"seagrass",2004,-0.402414939226567,"omega[j*"",""*t] %~% plain(exponential)(1) * ',  ' * w[t] %~% plain(half-Cauchy)(0,1)",0.756345376724533
"seagrass",2005,-0.373360362345366,"omega[j*"",""*t] %~% plain(exponential)(1) * ',  ' * w[t] %~% plain(half-Cauchy)(0,1)",0.778643027466175
"seagrass",2006,-0.449156487857526,"omega[j*"",""*t] %~% plain(exponential)(1) * ',  ' * w[t] %~% plain(half-Cauchy)(0,1)",0.721806119833267
"seagrass",2007,-0.302387718505037,"omega[j*"",""*t] %~% plain(exponential)(1) * ',  ' * w[t] %~% plain(half-Cauchy)(0,1)",0.835913668240421
"seagrass",2008,-0.258302245553971,"omega[j*"",""*t] %~% plain(exponential)(1) * ',  ' * w[t] %~% plain(half-Cauchy)(0,1)",0.873589698619906
"seagrass",2009,-0.174267709455141,"omega[j*"",""*t] %~% plain(exponential)(1) * ',  ' * w[t] %~% plain(half-Cauchy)(0,1)",0.950174212296605
"seagrass",2010,-0.251209043175494,"omega[j*"",""*t] %~% plain(exponential)(1) * ',  ' * w[t] %~% plain(half-Cauchy)(0,1)",0.879808275888317
"seagrass",2011,-0.343813401952573,"omega[j*"",""*t] %~% plain(exponential)(1) * ',  ' * w[t] %~% plain(half-Cauchy)(0,1)",0.80199282115624
"seagrass",2012,-0.377035694707958,"omega[j*"",""*t] %~% plain(exponential)(1) * ',  ' * w[t] %~% plain(half-Cauchy)(0,1)",0.775786508092974
"seagrass",2013,-0.131736138022322,"omega[j*"",""*t] %~% plain(exponential)(1) * ',  ' * w[t] %~% plain(half-Cauchy)(0,1)",0.991458330728456
"seagrass",2014,-0.00861669110228609,"omega[j*"",""*t] %~% plain(exponential)(1) * ',  ' * w[t] %~% plain(half-Cauchy)(0,1)",1.12135871508497
"seagrass",2015,0.0827471743215984,"omega[j*"",""*t] %~% plain(exponential)(1) * ',  ' * w[t] %~% plain(half-Cauchy)(0,1)",1.22863642139664
"seagrass",2016,0.0805497003607886,"omega[j*"",""*t] %~% plain(exponential)(1) * ',  ' * w[t] %~% plain(half-Cauchy)(0,1)",1.22593948915776
"seagrass",1950,-0.213206474050456,"omega[j*"",""*t] %~% plain(half-normal)(0,1) * ',  ' * w[t] %~% plain(half-Cauchy)(0,1)",0.915214146279987
"seagrass",1951,-0.0947594913363781,"omega[j*"",""*t] %~% plain(half-normal)(0,1) * ',  ' * w[t] %~% plain(half-Cauchy)(0,1)",1.03029975201283
"seagrass",1952,-0.0320342643578736,"omega[j*"",""*t] %~% plain(half-normal)(0,1) * ',  ' * w[t] %~% plain(half-Cauchy)(0,1)",1.09699542218481
"seagrass",1953,0.0952829913898778,"omega[j*"",""*t] %~% plain(half-normal)(0,1) * ',  ' * w[t] %~% plain(half-Cauchy)(0,1)",1.24594249049732
"seagrass",1954,0.158653793315955,"omega[j*"",""*t] %~% plain(half-normal)(0,1) * ',  ' * w[t] %~% plain(half-Cauchy)(0,1)",1.32745432389115
"seagrass",1955,0.195449739224344,"omega[j*"",""*t] %~% plain(half-normal)(0,1) * ',  ' * w[t] %~% plain(half-Cauchy)(0,1)",1.37720903357086
"seagrass",1956,0.204667879470023,"omega[j*"",""*t] %~% plain(half-normal)(0,1) * ',  ' * w[t] %~% plain(half-Cauchy)(0,1)",1.3899630333561
"seagrass",1957,0.107967545133211,"omega[j*"",""*t] %~% plain(half-normal)(0,1) * ',  ' * w[t] %~% plain(half-Cauchy)(0,1)",1.26184737490502
"seagrass",1958,0.0292138885098894,"omega[j*"",""*t] %~% plain(half-normal)(0,1) * ',  ' * w[t] %~% plain(half-Cauchy)(0,1)",1.16628462407581
"seagrass",1959,-0.0223059835351138,"omega[j*"",""*t] %~% plain(half-normal)(0,1) * ',  ' * w[t] %~% plain(half-Cauchy)(0,1)",1.1077193799739
"seagrass",1960,0.0844159272148138,"omega[j*"",""*t] %~% plain(half-normal)(0,1) * ',  ' * w[t] %~% plain(half-Cauchy)(0,1)",1.23247605632098
"seagrass",1961,0.0228047472730167,"omega[j*"",""*t] %~% plain(half-normal)(0,1) * ',  ' * w[t] %~% plain(half-Cauchy)(0,1)",1.15883364389524
"seagrass",1962,0.038958767811213,"omega[j*"",""*t] %~% plain(half-normal)(0,1) * ',  ' * w[t] %~% plain(half-Cauchy)(0,1)",1.17770548403988
"seagrass",1963,0.0829423417302987,"omega[j*"",""*t] %~% plain(half-normal)(0,1) * ',  ' * w[t] %~% plain(half-Cauchy)(0,1)",1.23066123496997
"seagrass",1964,0.0322791217653706,"omega[j*"",""*t] %~% plain(half-normal)(0,1) * ',  ' * w[t] %~% plain(half-Cauchy)(0,1)",1.16986504309724
"seagrass",1965,-0.021893958593583,"omega[j*"",""*t] %~% plain(half-normal)(0,1) * ',  ' * w[t] %~% plain(half-Cauchy)(0,1)",1.10817588202533
"seagrass",1966,-0.0266160665058467,"omega[j*"",""*t] %~% plain(half-normal)(0,1) * ',  ' * w[t] %~% plain(half-Cauchy)(0,1)",1.10295529172088
"seagrass",1967,0.0497769324798259,"omega[j*"",""*t] %~% plain(half-normal)(0,1) * ',  ' * w[t] %~% plain(half-Cauchy)(0,1)",1.19051526010078
"seagrass",1968,0.0307129878686169,"omega[j*"",""*t] %~% plain(half-normal)(0,1) * ',  ' * w[t] %~% plain(half-Cauchy)(0,1)",1.16803431175802
"seagrass",1969,-0.0123961167991741,"omega[j*"",""*t] %~% plain(half-normal)(0,1) * ',  ' * w[t] %~% plain(half-Cauchy)(0,1)",1.11875130357384
"seagrass",1970,-0.040664701131033,"omega[j*"",""*t] %~% plain(half-normal)(0,1) * ',  ' * w[t] %~% plain(half-Cauchy)(0,1)",1.08756860981974
"seagrass",1971,-0.213617777323907,"omega[j*"",""*t] %~% plain(half-normal)(0,1) * ',  ' * w[t] %~% plain(half-Cauchy)(0,1)",0.914837793108666
"seagrass",1972,-0.249361007957659,"omega[j*"",""*t] %~% plain(half-normal)(0,1) * ',  ' * w[t] %~% plain(half-Cauchy)(0,1)",0.88271602257102
"seagrass",1973,-0.314882033023017,"omega[j*"",""*t] %~% plain(half-normal)(0,1) * ',  ' * w[t] %~% plain(half-Cauchy)(0,1)",0.8267336029887
"seagrass",1974,-0.405325653669402,"omega[j*"",""*t] %~% plain(half-normal)(0,1) * ',  ' * w[t] %~% plain(half-Cauchy)(0,1)",0.755242506187663
"seagrass",1975,-0.474334263740847,"omega[j*"",""*t] %~% plain(half-normal)(0,1) * ',  ' * w[t] %~% plain(half-Cauchy)(0,1)",0.704881911844323
"seagrass",1976,-0.513327780012502,"omega[j*"",""*t] %~% plain(half-normal)(0,1) * ',  ' * w[t] %~% plain(half-Cauchy)(0,1)",0.677925074048494
"seagrass",1977,-0.562778714615346,"omega[j*"",""*t] %~% plain(half-normal)(0,1) * ',  ' * w[t] %~% plain(half-Cauchy)(0,1)",0.645216446826571
"seagrass",1978,-0.696511549906485,"omega[j*"",""*t] %~% plain(half-normal)(0,1) * ',  ' * w[t] %~% plain(half-Cauchy)(0,1)",0.564450675070857
"seagrass",1979,-0.486502800574817,"omega[j*"",""*t] %~% plain(half-normal)(0,1) * ',  ' * w[t] %~% plain(half-Cauchy)(0,1)",0.696356506390069
"seagrass",1980,-0.387685023996363,"omega[j*"",""*t] %~% plain(half-normal)(0,1) * ',  ' * w[t] %~% plain(half-Cauchy)(0,1)",0.768683666253094
"seagrass",1981,-0.346499929325639,"omega[j*"",""*t] %~% plain(half-normal)(0,1) * ',  ' * w[t] %~% plain(half-Cauchy)(0,1)",0.801002943839994
"seagrass",1982,-0.231083617140079,"omega[j*"",""*t] %~% plain(half-normal)(0,1) * ',  ' * w[t] %~% plain(half-Cauchy)(0,1)",0.898998112085379
"seagrass",1983,-0.281640835548074,"omega[j*"",""*t] %~% plain(half-normal)(0,1) * ',  ' * w[t] %~% plain(half-Cauchy)(0,1)",0.854677082273071
"seagrass",1984,-0.454743001565479,"omega[j*"",""*t] %~% plain(half-normal)(0,1) * ',  ' * w[t] %~% plain(half-Cauchy)(0,1)",0.718827598940897
"seagrass",1985,-0.452923245247166,"omega[j*"",""*t] %~% plain(half-normal)(0,1) * ',  ' * w[t] %~% plain(half-Cauchy)(0,1)",0.720136880931627
"seagrass",1986,-0.453767138259335,"omega[j*"",""*t] %~% plain(half-normal)(0,1) * ',  ' * w[t] %~% plain(half-Cauchy)(0,1)",0.719529418802577
"seagrass",1987,-0.438048217596758,"omega[j*"",""*t] %~% plain(half-normal)(0,1) * ',  ' * w[t] %~% plain(half-Cauchy)(0,1)",0.730929004522134
"seagrass",1988,-0.3420498869358,"omega[j*"",""*t] %~% plain(half-normal)(0,1) * ',  ' * w[t] %~% plain(half-Cauchy)(0,1)",0.804575383753613
"seagrass",1989,-0.31953423816859,"omega[j*"",""*t] %~% plain(half-normal)(0,1) * ',  ' * w[t] %~% plain(half-Cauchy)(0,1)",0.822896401312265
"seagrass",1990,-0.20818471318649,"omega[j*"",""*t] %~% plain(half-normal)(0,1) * ',  ' * w[t] %~% plain(half-Cauchy)(0,1)",0.919821692175969
"seagrass",1991,-0.175012091953543,"omega[j*"",""*t] %~% plain(half-normal)(0,1) * ',  ' * w[t] %~% plain(half-Cauchy)(0,1)",0.950846328053927
"seagrass",1992,-0.109756795547798,"omega[j*"",""*t] %~% plain(half-normal)(0,1) * ',  ' * w[t] %~% plain(half-Cauchy)(0,1)",1.01496332320076
"seagrass",1993,-0.0334458551151514,"omega[j*"",""*t] %~% plain(half-normal)(0,1) * ',  ' * w[t] %~% plain(half-Cauchy)(0,1)",1.09544800600222
"seagrass",1994,-0.0586887557750623,"omega[j*"",""*t] %~% plain(half-normal)(0,1) * ',  ' * w[t] %~% plain(half-Cauchy)(0,1)",1.06814181450089
"seagrass",1995,0.0238146649358585,"omega[j*"",""*t] %~% plain(half-normal)(0,1) * ',  ' * w[t] %~% plain(half-Cauchy)(0,1)",1.16000456162624
"seagrass",1996,-0.0508609451587341,"omega[j*"",""*t] %~% plain(half-normal)(0,1) * ',  ' * w[t] %~% plain(half-Cauchy)(0,1)",1.07653583688327
"seagrass",1997,-0.126574721216425,"omega[j*"",""*t] %~% plain(half-normal)(0,1) * ',  ' * w[t] %~% plain(half-Cauchy)(0,1)",0.998036481623983
"seagrass",1998,-0.195559287063679,"omega[j*"",""*t] %~% plain(half-normal)(0,1) * ',  ' * w[t] %~% plain(half-Cauchy)(0,1)",0.93150845292384
"seagrass",1999,-0.26068551305111,"omega[j*"",""*t] %~% plain(half-normal)(0,1) * ',  ' * w[t] %~% plain(half-Cauchy)(0,1)",0.872776089119034
"seagrass",2000,-0.159250854793949,"omega[j*"",""*t] %~% plain(half-normal)(0,1) * ',  ' * w[t] %~% plain(half-Cauchy)(0,1)",0.96595156847294
"seagrass",2001,-0.0822981641723418,"omega[j*"",""*t] %~% plain(half-normal)(0,1) * ',  ' * w[t] %~% plain(half-Cauchy)(0,1)",1.04321898249914
"seagrass",2002,-0.00481770771823756,"omega[j*"",""*t] %~% plain(half-normal)(0,1) * ',  ' * w[t] %~% plain(half-Cauchy)(0,1)",1.12726186614277
"seagrass",2003,-0.218927161055941,"omega[j*"",""*t] %~% plain(half-normal)(0,1) * ',  ' * w[t] %~% plain(half-Cauchy)(0,1)",0.909993439857664
"seagrass",2004,-0.406471561251997,"omega[j*"",""*t] %~% plain(half-normal)(0,1) * ',  ' * w[t] %~% plain(half-Cauchy)(0,1)",0.754377563739826
"seagrass",2005,-0.378037099288177,"omega[j*"",""*t] %~% plain(half-normal)(0,1) * ',  ' * w[t] %~% plain(half-Cauchy)(0,1)",0.77613575920052
"seagrass",2006,-0.452979006622863,"omega[j*"",""*t] %~% plain(half-normal)(0,1) * ',  ' * w[t] %~% plain(half-Cauchy)(0,1)",0.720096726228007
"seagrass",2007,-0.307095848690958,"omega[j*"",""*t] %~% plain(half-normal)(0,1) * ',  ' * w[t] %~% plain(half-Cauchy)(0,1)",0.83319582860752
"seagrass",2008,-0.26292607712451,"omega[j*"",""*t] %~% plain(half-normal)(0,1) * ',  ' * w[t] %~% plain(half-Cauchy)(0,1)",0.87082276745796
"seagrass",2009,-0.17690300471941,"omega[j*"",""*t] %~% plain(half-normal)(0,1) * ',  ' * w[t] %~% plain(half-Cauchy)(0,1)",0.949050059422696
"seagrass",2010,-0.251612611595269,"omega[j*"",""*t] %~% plain(half-normal)(0,1) * ',  ' * w[t] %~% plain(half-Cauchy)(0,1)",0.880730731846271
"seagrass",2011,-0.347862408222899,"omega[j*"",""*t] %~% plain(half-normal)(0,1) * ',  ' * w[t] %~% plain(half-Cauchy)(0,1)",0.799912337365235
"seagrass",2012,-0.375734287516964,"omega[j*"",""*t] %~% plain(half-normal)(0,1) * ',  ' * w[t] %~% plain(half-Cauchy)(0,1)",0.777925113244908
"seagrass",2013,-0.136683926670802,"omega[j*"",""*t] %~% plain(half-normal)(0,1) * ',  ' * w[t] %~% plain(half-Cauchy)(0,1)",0.987997952050589
"seagrass",2014,-0.0159125663587938,"omega[j*"",""*t] %~% plain(half-normal)(0,1) * ',  ' * w[t] %~% plain(half-Cauchy)(0,1)",1.11482417985801
"seagrass",2015,0.0762092935713954,"omega[j*"",""*t] %~% plain(half-normal)(0,1) * ',  ' * w[t] %~% plain(half-Cauchy)(0,1)",1.2224029664657
"seagrass",2016,0.0788396855028493,"omega[j*"",""*t] %~% plain(half-normal)(0,1) * ',  ' * w[t] %~% plain(half-Cauchy)(0,1)",1.22562259795564
"seagrass",1950,-0.212100001583463,"omega[j*"",""*t] %~% plain(half-Cauchy)(0,1) * ',  ' * w[t] %~% plain(half-Cauchy)(0,1)",0.918081297615769
"seagrass",1951,-0.101646057858855,"omega[j*"",""*t] %~% plain(half-Cauchy)(0,1) * ',  ' * w[t] %~% plain(half-Cauchy)(0,1)",1.02529934200593
"seagrass",1952,-0.0419942411250305,"omega[j*"",""*t] %~% plain(half-Cauchy)(0,1) * ',  ' * w[t] %~% plain(half-Cauchy)(0,1)",1.08832131124489
"seagrass",1953,0.0860725250180524,"omega[j*"",""*t] %~% plain(half-Cauchy)(0,1) * ',  ' * w[t] %~% plain(half-Cauchy)(0,1)",1.23701744232106
"seagrass",1954,0.155057566224372,"omega[j*"",""*t] %~% plain(half-Cauchy)(0,1) * ',  ' * w[t] %~% plain(half-Cauchy)(0,1)",1.32536545303421
"seagrass",1955,0.187305701087754,"omega[j*"",""*t] %~% plain(half-Cauchy)(0,1) * ',  ' * w[t] %~% plain(half-Cauchy)(0,1)",1.368802636704
"seagrass",1956,0.201688971124561,"omega[j*"",""*t] %~% plain(half-Cauchy)(0,1) * ',  ' * w[t] %~% plain(half-Cauchy)(0,1)",1.38863276382376
"seagrass",1957,0.103996408233053,"omega[j*"",""*t] %~% plain(half-Cauchy)(0,1) * ',  ' * w[t] %~% plain(half-Cauchy)(0,1)",1.25938949659176
"seagrass",1958,0.0220690419426674,"omega[j*"",""*t] %~% plain(half-Cauchy)(0,1) * ',  ' * w[t] %~% plain(half-Cauchy)(0,1)",1.16032450389911
"seagrass",1959,-0.0254523891453111,"omega[j*"",""*t] %~% plain(half-Cauchy)(0,1) * ',  ' * w[t] %~% plain(half-Cauchy)(0,1)",1.10647388595732
"seagrass",1960,0.0809661660344581,"omega[j*"",""*t] %~% plain(half-Cauchy)(0,1) * ',  ' * w[t] %~% plain(half-Cauchy)(0,1)",1.23071688732992
"seagrass",1961,0.016424796012818,"omega[j*"",""*t] %~% plain(half-Cauchy)(0,1) * ',  ' * w[t] %~% plain(half-Cauchy)(0,1)",1.15379379484235
"seagrass",1962,0.0310889560251503,"omega[j*"",""*t] %~% plain(half-Cauchy)(0,1) * ',  ' * w[t] %~% plain(half-Cauchy)(0,1)",1.17083787480367
"seagrass",1963,0.0763507204544794,"omega[j*"",""*t] %~% plain(half-Cauchy)(0,1) * ',  ' * w[t] %~% plain(half-Cauchy)(0,1)",1.22504966894153
"seagrass",1964,0.0284895796714623,"omega[j*"",""*t] %~% plain(half-Cauchy)(0,1) * ',  ' * w[t] %~% plain(half-Cauchy)(0,1)",1.16779837862658
"seagrass",1965,-0.0210903333414603,"omega[j*"",""*t] %~% plain(half-Cauchy)(0,1) * ',  ' * w[t] %~% plain(half-Cauchy)(0,1)",1.11131092884913
"seagrass",1966,-0.0245361774089983,"omega[j*"",""*t] %~% plain(half-Cauchy)(0,1) * ',  ' * w[t] %~% plain(half-Cauchy)(0,1)",1.10748811487083
"seagrass",1967,0.0514430238482808,"omega[j*"",""*t] %~% plain(half-Cauchy)(0,1) * ',  ' * w[t] %~% plain(half-Cauchy)(0,1)",1.19491337431532
"seagrass",1968,0.027321197908917,"omega[j*"",""*t] %~% plain(half-Cauchy)(0,1) * ',  ' * w[t] %~% plain(half-Cauchy)(0,1)",1.16643474107841
"seagrass",1969,-0.0152837797719702,"omega[j*"",""*t] %~% plain(half-Cauchy)(0,1) * ',  ' * w[t] %~% plain(half-Cauchy)(0,1)",1.11778258611894
"seagrass",1970,-0.0441586095785149,"omega[j*"",""*t] %~% plain(half-Cauchy)(0,1) * ',  ' * w[t] %~% plain(half-Cauchy)(0,1)",1.08596833020909
"seagrass",1971,-0.212396615464612,"omega[j*"",""*t] %~% plain(half-Cauchy)(0,1) * ',  ' * w[t] %~% plain(half-Cauchy)(0,1)",0.917809022341182
"seagrass",1972,-0.250000241435907,"omega[j*"",""*t] %~% plain(half-Cauchy)(0,1) * ',  ' * w[t] %~% plain(half-Cauchy)(0,1)",0.88393692328442
"seagrass",1973,-0.313413870846816,"omega[j*"",""*t] %~% plain(half-Cauchy)(0,1) * ',  ' * w[t] %~% plain(half-Cauchy)(0,1)",0.829623577579448
"seagrass",1974,-0.40534495658431,"omega[j*"",""*t] %~% plain(half-Cauchy)(0,1) * ',  ' * w[t] %~% plain(half-Cauchy)(0,1)",0.75675608678491
"seagrass",1975,-0.474829621618204,"omega[j*"",""*t] %~% plain(half-Cauchy)(0,1) * ',  ' * w[t] %~% plain(half-Cauchy)(0,1)",0.705958409823026
"seagrass",1976,-0.523274446576119,"omega[j*"",""*t] %~% plain(half-Cauchy)(0,1) * ',  ' * w[t] %~% plain(half-Cauchy)(0,1)",0.672573568613802
"seagrass",1977,-0.569475218590197,"omega[j*"",""*t] %~% plain(half-Cauchy)(0,1) * ',  ' * w[t] %~% plain(half-Cauchy)(0,1)",0.642207030543202
"seagrass",1978,-0.701601455628736,"omega[j*"",""*t] %~% plain(half-Cauchy)(0,1) * ',  ' * w[t] %~% plain(half-Cauchy)(0,1)",0.562721307437933
"seagrass",1979,-0.491278407098169,"omega[j*"",""*t] %~% plain(half-Cauchy)(0,1) * ',  ' * w[t] %~% plain(half-Cauchy)(0,1)",0.694441232844022
"seagrass",1980,-0.395772732261577,"omega[j*"",""*t] %~% plain(half-Cauchy)(0,1) * ',  ' * w[t] %~% plain(half-Cauchy)(0,1)",0.764034706518923
"seagrass",1981,-0.351947688730605,"omega[j*"",""*t] %~% plain(half-Cauchy)(0,1) * ',  ' * w[t] %~% plain(half-Cauchy)(0,1)",0.798263113320947
"seagrass",1982,-0.23198379465703,"omega[j*"",""*t] %~% plain(half-Cauchy)(0,1) * ',  ' * w[t] %~% plain(half-Cauchy)(0,1)",0.900006650840752
"seagrass",1983,-0.28825310725212,"omega[j*"",""*t] %~% plain(half-Cauchy)(0,1) * ',  ' * w[t] %~% plain(half-Cauchy)(0,1)",0.850762359057495
"seagrass",1984,-0.457476524166537,"omega[j*"",""*t] %~% plain(half-Cauchy)(0,1) * ',  ' * w[t] %~% plain(half-Cauchy)(0,1)",0.718315885042401
"seagrass",1985,-0.455997886950883,"omega[j*"",""*t] %~% plain(half-Cauchy)(0,1) * ',  ' * w[t] %~% plain(half-Cauchy)(0,1)",0.719378799281235
"seagrass",1986,-0.458999038410097,"omega[j*"",""*t] %~% plain(half-Cauchy)(0,1) * ',  ' * w[t] %~% plain(half-Cauchy)(0,1)",0.717223070999621
"seagrass",1987,-0.441402200859982,"omega[j*"",""*t] %~% plain(half-Cauchy)(0,1) * ',  ' * w[t] %~% plain(half-Cauchy)(0,1)",0.729955626674192
"seagrass",1988,-0.346134967992079,"omega[j*"",""*t] %~% plain(half-Cauchy)(0,1) * ',  ' * w[t] %~% plain(half-Cauchy)(0,1)",0.80291670578842
"seagrass",1989,-0.32504930070822,"omega[j*"",""*t] %~% plain(half-Cauchy)(0,1) * ',  ' * w[t] %~% plain(half-Cauchy)(0,1)",0.820026492012606
"seagrass",1990,-0.207161993330361,"omega[j*"",""*t] %~% plain(half-Cauchy)(0,1) * ',  ' * w[t] %~% plain(half-Cauchy)(0,1)",0.922626002300227
"seagrass",1991,-0.174814341939825,"omega[j*"",""*t] %~% plain(half-Cauchy)(0,1) * ',  ' * w[t] %~% plain(half-Cauchy)(0,1)",0.952958738073746
"seagrass",1992,-0.111441278964589,"omega[j*"",""*t] %~% plain(half-Cauchy)(0,1) * ',  ' * w[t] %~% plain(half-Cauchy)(0,1)",1.01530533491328
"seagrass",1993,-0.0331208524233385,"omega[j*"",""*t] %~% plain(half-Cauchy)(0,1) * ',  ' * w[t] %~% plain(half-Cauchy)(0,1)",1.09802138187433
"seagrass",1994,-0.0614395244072788,"omega[j*"",""*t] %~% plain(half-Cauchy)(0,1) * ',  ' * w[t] %~% plain(half-Cauchy)(0,1)",1.06736302533866
"seagrass",1995,0.0219723514433442,"omega[j*"",""*t] %~% plain(half-Cauchy)(0,1) * ',  ' * w[t] %~% plain(half-Cauchy)(0,1)",1.16021231696725
"seagrass",1996,-0.0542862170996589,"omega[j*"",""*t] %~% plain(half-Cauchy)(0,1) * ',  ' * w[t] %~% plain(half-Cauchy)(0,1)",1.07502557467856
"seagrass",1997,-0.128767213363263,"omega[j*"",""*t] %~% plain(half-Cauchy)(0,1) * ',  ' * w[t] %~% plain(half-Cauchy)(0,1)",0.997865736218417
"seagrass",1998,-0.196481897999372,"omega[j*"",""*t] %~% plain(half-Cauchy)(0,1) * ',  ' * w[t] %~% plain(half-Cauchy)(0,1)",0.932532543195066
"seagrass",1999,-0.26023647796413,"omega[j*"",""*t] %~% plain(half-Cauchy)(0,1) * ',  ' * w[t] %~% plain(half-Cauchy)(0,1)",0.874934887946169
"seagrass",2000,-0.162212512319428,"omega[j*"",""*t] %~% plain(half-Cauchy)(0,1) * ',  ' * w[t] %~% plain(half-Cauchy)(0,1)",0.965043748416167
"seagrass",2001,-0.0825305220536825,"omega[j*"",""*t] %~% plain(half-Cauchy)(0,1) * ',  ' * w[t] %~% plain(half-Cauchy)(0,1)",1.04508701170641
"seagrass",2002,-0.00630537628793245,"omega[j*"",""*t] %~% plain(half-Cauchy)(0,1) * ',  ' * w[t] %~% plain(half-Cauchy)(0,1)",1.12786367751652
"seagrass",2003,-0.223791879188487,"omega[j*"",""*t] %~% plain(half-Cauchy)(0,1) * ',  ' * w[t] %~% plain(half-Cauchy)(0,1)",0.907409710464882
"seagrass",2004,-0.403334830614798,"omega[j*"",""*t] %~% plain(half-Cauchy)(0,1) * ',  ' * w[t] %~% plain(half-Cauchy)(0,1)",0.758278791749218
"seagrass",2005,-0.375821394660228,"omega[j*"",""*t] %~% plain(half-Cauchy)(0,1) * ',  ' * w[t] %~% plain(half-Cauchy)(0,1)",0.779431301497967
"seagrass",2006,-0.450750608516663,"omega[j*"",""*t] %~% plain(half-Cauchy)(0,1) * ',  ' * w[t] %~% plain(half-Cauchy)(0,1)",0.723163501149012
"seagrass",2007,-0.307263437136888,"omega[j*"",""*t] %~% plain(half-Cauchy)(0,1) * ',  ' * w[t] %~% plain(half-Cauchy)(0,1)",0.8347418460486
"seagrass",2008,-0.260617082400537,"omega[j*"",""*t] %~% plain(half-Cauchy)(0,1) * ',  ' * w[t] %~% plain(half-Cauchy)(0,1)",0.874601947209629
"seagrass",2009,-0.180717855655136,"omega[j*"",""*t] %~% plain(half-Cauchy)(0,1) * ',  ' * w[t] %~% plain(half-Cauchy)(0,1)",0.947349506472072
"seagrass",2010,-0.251752652884289,"omega[j*"",""*t] %~% plain(half-Cauchy)(0,1) * ',  ' * w[t] %~% plain(half-Cauchy)(0,1)",0.882389258569158
"seagrass",2011,-0.346115105452697,"omega[j*"",""*t] %~% plain(half-Cauchy)(0,1) * ',  ' * w[t] %~% plain(half-Cauchy)(0,1)",0.802932653911494
"seagrass",2012,-0.373676175426012,"omega[j*"",""*t] %~% plain(half-Cauchy)(0,1) * ',  ' * w[t] %~% plain(half-Cauchy)(0,1)",0.781105147258836
"seagrass",2013,-0.134148124239269,"omega[j*"",""*t] %~% plain(half-Cauchy)(0,1) * ',  ' * w[t] %~% plain(half-Cauchy)(0,1)",0.992510729952157
"seagrass",2014,-0.0108705718075709,"omega[j*"",""*t] %~% plain(half-Cauchy)(0,1) * ',  ' * w[t] %~% plain(half-Cauchy)(0,1)",1.12272649435394
"seagrass",2015,0.0789169352748069,"omega[j*"",""*t] %~% plain(half-Cauchy)(0,1) * ',  ' * w[t] %~% plain(half-Cauchy)(0,1)",1.22819744676719
"seagrass",2016,0.0812232523383873,"omega[j*"",""*t] %~% plain(half-Cauchy)(0,1) * ',  ' * w[t] %~% plain(half-Cauchy)(0,1)",1.23103332846026
