"year","scientificName","n_m3","sd","se"
1991,"Bathylagus antarcticus",0.0001035716,0.000248344982025523,5.69742463044567e-05
1991,"Benthalbella elongata",8.96666666666667e-06,2.4116038922952e-06,1.07850204759503e-06
1991,"Borostomias antarcticus",1.22177777777778e-05,6.7500699584852e-06,2.13455954342915e-06
1991,"Cyclothone microdon",4.92633333333333e-05,4.32903110791934e-05,2.16451555395967e-05
1991,"Cyclothone pallida",7.90335e-05,9.87170564011103e-05,6.98035e-05
1991,"Cynomacrurus piriei",1.00728571428571e-05,8.90391620633998e-06,3.1480097643099e-06
1991,"Electrona antarctica",0.000160685,0.000139813939089599,2.91532215862792e-05
1991,"Electrona carlsbergi",6.75922857142857e-05,0.000123105181128056,3.55374047314603e-05
1991,"Electrona subaspera",5.8e-06,NA,NA
1991,"Gymnoscopelus bolini",3.61166666666667e-06,6.50274301096596e-07,2.45780583525419e-07
1991,"Gymnoscopelus braueri",0.000190477142857143,0.000173732846162791,4.09492245455164e-05
1991,"Gymnoscopelus fraseri",1.95233333333333e-05,1.46001929210998e-05,7.30009646054991e-06
1991,"Gymnoscopelus nicholsi",1.084e-05,8.3124645362652e-06,3.71744715272905e-06
1991,"Krefftichthys anderssoni",0.0001755608125,0.000150701155135241,3.28856881297392e-05
1991,"Melanonus gracilis",3.17e-06,NA,NA
1991,"Nannobrachium achirus",1.94628571428571e-05,1.09927168529679e-05,4.15485643227165e-06
1991,"Nansenia antarctica",1.95722222222222e-05,1.39878954615927e-05,4.42336093309651e-06
1991,"Nemichthys curvirostris",3.54666666666667e-06,7.31733102526689e-07,4.22466303718744e-07
1991,"Notoscopelus resplendens",2.227e-05,2.1162577820294e-05,1.22182200012932e-05
1991,"Paradiplospinus gracilis",4.57285714285714e-06,1.70663132403881e-06,5.68877108012938e-07
1991,"Poromitra crassiceps",1.15533333333333e-05,1.10279493409549e-05,3.89896888078545e-06
1991,"Protomyctophum andriashevi",3.1e-06,NA,NA
1991,"Protomyctophum bolini",0.000109814461538462,0.000128520889361493,3.0292664130546e-05
1991,"Protomyctophum choriodon",5.8989e-05,7.44427877097574e-05,3.32918267507207e-05
1991,"Protomyctophum gemmatum",1.2e-05,4.80832611206852e-06,3.4e-06
1991,"Sio nordenskjoldii",3.15e-05,1.95161471607487e-05,1.38e-05
1992,"Electrona antarctica",0.000462421,0.000316421799299606,0.000223744
1992,"Gobionotothen gibberifrons",0.000388282,NA,NA
1992,"Lepidonotothen squamifrons",0.0006729,0.000614084055694332,0.000434223
1992,"Nototheniops larseni",0.000556537636363636,0.000531622202386483,0.00016029012504894
1993,"Chionodraco rastrospinosus",0.000227466,NA,NA
1993,"Electrona antarctica",0.000955700571428571,0.00152710088810103,0.000577189882403028
1993,"Lepidonotothen squamifrons",0.000216296,NA,NA
1993,"Nototheniops larseni",0.00127223925,0.00128879778594843,0.000644398892974217
1993,"Pleuragramma antarctica",0.0003087735,4.751404016183e-05,3.35975e-05
1994,"Electrona antarctica",0.000984938739130435,0.00101393485890457,0.00021142003299653
1994,"Krefftichthys anderssoni",0.0003125115,4.31455344676595e-05,3.05085e-05
1994,"Lepidonotothen squamifrons",0.003452495375,0.00209331007082829,0.000740096873104387
1994,"Notothenia coriiceps",0.000435982,NA,NA
1994,"Nototheniops larseni",0.0009055275,0.000645031052792809,0.000322515526396405
1995,"Artedidraco mirus",0.000209155,NA,NA
1995,"Bathylagus antarcticus",0.000318756578947368,0.000161842008481975,3.71291031469779e-05
1995,"Champsocephalus gunnari",0.000231642,NA,NA
1995,"Electrona antarctica",0.00577112102678571,0.0137176414694029,0.0012961952822281
1995,"Gobionotothen gibberifrons",0.000209155,NA,NA
1995,"Gymnodraco acuticeps",0.000220679,NA,NA
1995,"Gymnoscopelus nicholsi",0.000423537,0.000127157598247214,8.9914e-05
1995,"Gymnoscopelus opisthopterus",0.0003947368,0.000196441839453528,5.0721064846791e-05
1995,"Harpagifer antarcticus",0.000924105,NA,NA
1995,"Lepidonotothen squamifrons",0.000747953745454546,0.000797379919794156,0.000107518686451234
1995,"Lindbergichthys nudifrons",0.0005112593,0.000344625560936649,0.000108980171247296
1995,"Notolepis annulata",0.000338722142857143,0.000171460100915123,4.58246395090054e-05
1995,"Notolepis coatsi",0.000550998735849057,0.000512822619766934,7.04416042568302e-05
1995,"Notothenia coriiceps",0.000255817,NA,NA
1995,"Nototheniops larseni",0.00228806858974359,0.00666441350712737,0.00106716023108999
1995,"Pagetopsis macropterus",0.000316993,NA,NA
1995,"Pleuragramma antarctica",0.00104360025,0.00164636109749985,0.000823180548749926
1996,"Bathylagus antarcticus",0.00040649775,0.000382785566962649,0.000191392783481324
1996,"Chaenodraco wilsoni",0.00019632625,6.47331784964249e-05,3.23665892482124e-05
1996,"Chionodraco hamatus",0.000829565,0.000910289335226993,0.00052555579273375
1996,"Cryodraco antarcticus",0.000221882,1.88797510576808e-06,1.335e-06
1996,"Cygnodraco mawsoni",0.000150233,9.32175840547265e-05,5.38191972472029e-05
1996,"Electrona antarctica",0.00185393612781955,0.00307725649452599,0.000266831978518633
1996,"Electrona carlsbergi",0.000191387666666667,0.000156712134074976,9.04777927934683e-05
1996,"Gerlachea australis",6.95e-05,NA,NA
1996,"Gymnodraco acuticeps",6.95e-05,NA,NA
1996,"Gymnoscopelus braueri",0.0002787374,0.000199354942121584,8.91542404468795e-05
1996,"Gymnoscopelus nicholsi",0.000287447125,0.000288263926198315,0.000101916688493144
1996,"Gymnoscopelus opisthopterus",0.000338206333333333,0.000298063003691949,0.000121683711707762
1996,"Krefftichthys anderssoni",0.00010792175,9.24762172610702e-05,4.62381086305351e-05
1996,"Lepidonotothen squamifrons",0.00119847583870968,0.00180826432665857,0.000229649799135552
1996,"Lindbergichthys nudifrons",0.000431113666666667,0.000161853033290493,9.34458923394234e-05
1996,"Notolepis annulata",0.000512978166666667,0.000527750181152187,0.000215453109247375
1996,"Notolepis coatsi",0.000460397593220339,0.000776526566956476,0.000101095148099741
1996,"Nototheniops larseni",0.0014919088125,0.00394376531133695,0.000697165798763658
1996,"Pagetopsis maculatus",0.000136714,NA,NA
1996,"Pleuragramma antarctica",0.00535081593939394,0.00979466768221347,0.00170503279098475
1996,"Protomyctophum bolini",0.000118805,4.79489108322598e-05,3.3905e-05
1996,"Racovitzia glacialis",0.000163774,6.49053314451132e-05,4.5895e-05
1996,"Trematomus loennbergii",0.0001177926,6.36030550665611e-05,2.84441509410986e-05
1996,"Trematomus scotti",0.000112972,NA,NA
1997,"Artedidraco skottsbergi",0.000241916,NA,NA
1997,"Bathylagus antarcticus",0.000308056,NA,NA
1997,"Chionodraco rastrospinosus",0.000194022,NA,NA
1997,"Electrona antarctica",0.00291729534693878,0.00510797160782042,0.000729710229688632
1997,"Electrona carlsbergi",0.00123317509090909,0.000862741582492864,0.000260126374560571
1997,"Gymnoscopelus braueri",0.0109603143333333,0.0179205784715189,0.0103464508045652
1997,"Gymnoscopelus nicholsi",0.0004210528,0.000383193309486478,0.000171369257706976
1997,"Gymnoscopelus opisthopterus",0.000314775333333333,3.68424835255895e-05,2.12710177811134e-05
1997,"Krefftichthys anderssoni",0.0606079141111111,0.13876073414961,0.0462535780498699
1997,"Lepidonotothen squamifrons",0.00191872087878788,0.00317692587071767,0.000553031808719547
1997,"Lindbergichthys nudifrons",0.000334378,NA,NA
1997,"Notolepis annulata",0.00542544666666667,0.00693444495660743,0.00283097529885074
1997,"Notolepis coatsi",0.00212013238461538,0.00463681234295319,0.00128602035824785
1997,"Nototheniops larseni",0.002014890375,0.00456793769685181,0.000932426377842594
1997,"Pleuragramma antarctica",0.0005078095,3.39093056918009e-05,2.39775e-05
1998,"Achiropsetta tricholepis",4.96e-06,NA,NA
1998,"Artedidraco skottsbergi",0.00022502,2.58532381337425e-05,1.8281e-05
1998,"Bathydraco antarcticus",5.375e-06,3.7476659402887e-07,2.65e-07
1998,"Bathylagus antarcticus",0.0007204,NA,NA
1998,"Bathylagus tenuis",1.899e-05,1.66018389687064e-05,5.86963645746967e-06
1998,"Benthalbella elongata",4.884e-06,3.40411515668903e-07,1.52236657871881e-07
1998,"Borostomias antarcticus",4.93e-06,4.50333209967908e-07,2.6e-07
1998,"Chaenocephalus aceratus",0.00034720725,0.000261610687614726,0.000130805343807363
1998,"Chaenodraco wilsoni",0.000660339,0.000538351505215691,0.000380672
1998,"Champsocephalus gunnari",6.69e-06,3.08306665513414e-06,1.78000936327125e-06
1998,"Channichthys rhinoceratus",4.45739090909091e-05,5.13529440060734e-05,1.54834951952978e-05
1998,"Chionodraco rastrospinosus",0.00130056333333333,0.00180459749252301,0.00104188484808708
1998,"Diplophos rebainsi",5.205e-06,3.46482322781409e-07,2.45e-07
1998,"Dissostichus eleginoides",7.03333333333333e-06,2.74241377865072e-06,1.58333333333333e-06
1998,"Echiodon cryomargarites",4.705e-06,6.99999999999998e-08,3.49999999999999e-08
1998,"Electrona antarctica",0.000458242253456221,0.0012086878499104,8.18626708210135e-05
1998,"Electrona carlsbergi",0.000121462655172414,0.000265023066990076,3.47992335520102e-05
1998,"Electrona subaspera",1.74908571428571e-05,2.02530724018428e-05,2.19675413418307e-06
1998,"Gobionotothen acuta",0.0002577164,0.000346992935517857,0.000155179958306026
1998,"Gobionotothen gibberifrons",0.000274132,NA,NA
1998,"Gymnoscopelus bolini",1.65546511627907e-05,1.32984127854985e-05,2.02798893748136e-06
1998,"Gymnoscopelus braueri",0.000129304710526316,0.000379414124821571,3.5535388602157e-05
1998,"Gymnoscopelus fraseri",0.000162894402515723,0.000539444358614481,4.26468211037608e-05
1998,"Gymnoscopelus nicholsi",5.33552303030303e-05,0.000119037174446638,9.23907655253544e-06
1998,"Gymnoscopelus piabilis",3.81721951219512e-05,8.72592035192333e-05,1.34643874180417e-05
1998,"Harpagifer kerguelensis",0.000179285285714286,0.000259901268649407,9.82334460395028e-05
1998,"Icichthys australis",1.56728e-05,1.53028533613833e-05,3.06057067227666e-06
1998,"Idiacanthus atlanticus",2.58e-05,3.39411254969543e-06,2.4e-06
1998,"Krefftichthys anderssoni",0.000576932215384615,0.00164785381602962,0.000143973656384945
1998,"Lepidonotothen squamifrons",0.000911662685714286,0.00195060040791737,0.000233141341292218
1998,"Lindbergichthys mizops",7.49e-05,0.000101768588474047,5.08842942370237e-05
1998,"Lindbergichthys nudifrons",0.001562847,7.9031910719658e-05,5.5884e-05
1998,"Magnisudis prionosa",4.96e-06,NA,NA
1998,"Mancopsetta maculata",4.67e-06,NA,NA
1998,"Melanostigma gelatinosum",5.085e-06,3.19739477283199e-07,1.598697386416e-07
1998,"Metelectrona ventralis",5.64857142857143e-06,1.66258261520472e-06,6.28397161990153e-07
1998,"Muraenolepis marmorata",5.88780909090909e-05,0.000181471007619206,2.233753689737e-05
1998,"Nannobrachium achirus",5.45e-06,0,0
1998,"Nansenia antarctica",8.75375e-06,8.5606540763125e-06,3.02664827437641e-06
1998,"Notolepis annulata",0.024818118,NA,NA
1998,"Notolepis coatsi",0.0390797464395604,0.161361325270172,0.0169152630514074
1998,"Notothenia coriiceps",0.883119821444444,1.24227363647909,0.414091212159696
1998,"Notothenia rossii",6.01727272727273e-06,1.96489740652835e-06,5.92438858999722e-07
1998,"Nototheniops larseni",0.00183386241463415,0.00213507882349542,0.000333443291793979
1998,"Pagothenia brachysoma",0.0229109951666667,0.0479192298102165,0.0195629436503659
1998,"Paradiplospinus gracilis",1.02332467532468e-05,8.50061041795149e-06,9.68734463488555e-07
1998,"Paranotothenia magellanica",9.6925e-06,7.51107792974262e-06,3.75553896487131e-06
1998,"Pleuragramma antarctica",0.00060891975,0.00044201661390067,0.00015627647254314
1998,"Protomyctophum andriashevi",5.97053402061856e-05,0.000110533603817731,1.12229870754732e-05
1998,"Protomyctophum bolini",0.000161000606896552,0.000228138476840952,1.89458692823582e-05
1998,"Protomyctophum choriodon",2.53880612244898e-05,7.75500754766472e-05,1.09672368502132e-05
1998,"Protomyctophum gemmatum",7.76333333333333e-06,3.7680905863138e-06,1.53831654017558e-06
1998,"Protomyctophum luciferum",4.15692857142857e-05,9.48565513045716e-05,1.76144193728113e-05
1998,"Protomyctophum tenisoni",0.000248573117318436,0.000506741942828906,3.77703143738582e-05
1998,"Scopelosaurus hamiltoni",5.28e-06,2.40416305603426e-07,1.7e-07
1998,"Trigonolampa miriceps",5.45e-06,NA,NA
1998,"Zanclorhynchus spinifer",8.13e-06,4.48305699272271e-06,3.17e-06
1999,"Achiropsetta tricholepis",4.81e-06,NA,NA
1999,"Argyropelecus hemigymnus",5.79e-06,NA,NA
1999,"Bathydraco antarcticus",5.28e-06,2.40416305603426e-07,1.7e-07
1999,"Bathylagus antarcticus",0.000141524038461538,0.000180989134489666,3.1039380491145e-05
1999,"Bathylagus tenuis",4.10775606060606e-05,4.44664548340843e-05,5.39234970816725e-06
1999,"Benthalbella elongata",9.79181818181818e-06,1.11668248615789e-05,2.32844394289011e-06
1999,"Benthalbella macropinna",1.24346153846154e-05,1.24578580391284e-05,3.21660511433071e-06
1999,"Borostomias antarcticus",1.2644e-05,1.07055638404923e-05,2.59648061742018e-06
1999,"Champsocephalus gunnari",5.33666666666667e-06,4.57806363724519e-07,1.86898665354012e-07
1999,"Channichthys rhinoceratus",2.12292307692308e-05,1.46637838804419e-05,3.78617271742242e-06
1999,"Chauliodus sloani",9.19333333333333e-06,4.78173957188525e-06,2.76073862902263e-06
1999,"Chionodraco rastrospinosus",0.000247822,NA,NA
1999,"Coryphaenoides subserrulatus",1.6185e-05,1.24662925523188e-05,7.19741736087791e-06
1999,"Cynomacrurus piriei",1.5078e-05,9.46997465677707e-06,3.86610096436535e-06
1999,"Diaphus hudsoni",9.125e-06,5.19723484172112e-06,3.675e-06
1999,"Diastobranchus capensis",6.26e-06,NA,NA
1999,"Diplophos rebainsi",7.2425e-06,3.0917885728082e-06,6.91344942085619e-07
1999,"Dissostichus eleginoides",6.11666666666667e-06,2.20952181855411e-06,8.35120749752194e-07
1999,"Echiodon cryomargarites",5.39333333333333e-06,9.81495457622364e-08,5.66666666666667e-08
1999,"Electrona antarctica",0.00036386667867036,0.00067740639645397,3.49345674827116e-05
1999,"Electrona carlsbergi",6.82017461928934e-05,0.000143664590264668,1.00585332263829e-05
1999,"Electrona paucirastra",1.78333333333333e-05,5.55187655962678e-06,3.2053774262081e-06
1999,"Electrona subaspera",1.70676838235294e-05,2.10912700882694e-05,1.78253766527292e-06
1999,"Evermannella balbo",6.95e-06,NA,NA
1999,"Gobionotothen acuta",8.3e-06,4.9363448015713e-06,2.46817240078565e-06
1999,"Gobionotothen gibberifrons",0.000233153,NA,NA
1999,"Gymnoscopelus bolini",1.1526862745098e-05,1.05070562787272e-05,1.00639346840629e-06
1999,"Gymnoscopelus braueri",0.000129994065454545,0.000182624329318121,1.07426076069483e-05
1999,"Gymnoscopelus fraseri",5.82899652509652e-05,0.000124906509876475,7.6015681153986e-06
1999,"Gymnoscopelus hintonoides",4.42e-06,NA,NA
1999,"Gymnoscopelus microlampas",1.51814285714286e-05,7.9165599144528e-06,1.77019661166664e-06
1999,"Gymnoscopelus nicholsi",5.08593445378151e-05,9.99725701253464e-05,6.36110230862853e-06
1999,"Gymnoscopelus opisthopterus",1.47e-05,NA,NA
1999,"Gymnoscopelus piabilis",2.13302627118644e-05,3.72296455886554e-05,3.37061373826748e-06
1999,"Halargyreus johnsonii",1.445e-05,3.53553390593274e-07,2.5e-07
1999,"Harpagifer kerguelensis",2.75918333333333e-05,3.74805373538498e-05,1.03952307124038e-05
1999,"Hintonia candens",5.79e-06,NA,NA
1999,"Icichthys australis",7.35290909090909e-06,4.88902272773642e-06,6.47566879731329e-07
1999,"Idiacanthus atlanticus",6.16e-06,3.11126983722081e-07,2.2e-07
1999,"Krefftichthys anderssoni",0.000582007228013029,0.00321784439919155,0.000178493891965381
1999,"Labichthys yanoi",NA,NA,NA
1999,"Lampanyctus intricarius",6.108e-06,3.90985933250801e-07,1.59619338845058e-07
1999,"Lampanyctus macdonaldi",1.28e-05,NA,NA
1999,"Lampichthys procerus",5.82222222222222e-06,1.7084406470359e-06,5.69480215678633e-07
1999,"Lepidonotothen squamifrons",0.000139664255172414,0.000527363237149239,4.3496186704118e-05
1999,"Lindbergichthys mizops",1.82788888888889e-05,2.2730013992761e-05,7.18786154646228e-06
1999,"Luciosudis normani",5.64e-06,0,0
1999,"Mancopsetta maculata",4.96e-06,0,0
1999,"Melanonus gracilis",1.026375e-05,6.25531759499753e-06,2.21158874494914e-06
1999,"Melanostigma gelatinosum",9.2312e-06,5.55802446917967e-06,1.05036789473294e-06
1999,"Metelectrona ventralis",9.28914285714286e-06,6.99863909940336e-06,1.18298592243402e-06
1999,"Muraenolepis marmorata",8.30066666666667e-06,8.21602481797151e-06,2.12136848613537e-06
1999,"Nannobrachium achirus",5.0552125e-05,5.6985010832528e-05,1.18821961437806e-05
1999,"Nansenia antarctica",6.85583333333333e-06,3.88928954802877e-06,7.77857909605753e-07
1999,"Notolepis annulata",0.0002897595,9.79837866690198e-06,6.92849999999999e-06
1999,"Notolepis coatsi",4.45967067669173e-05,0.000196329237286302,1.67735387309243e-05
1999,"Notothenia coriiceps",0.00183939,NA,NA
1999,"Notothenia cyanobrancha",4.67e-06,NA,NA
1999,"Notothenia rossii",5.45e-06,NA,NA
1999,"Nototheniops larseni",0.000718136260869565,0.00102248584812813,0.000213203037504087
1999,"Paradiplospinus gracilis",1.05505384615385e-05,1.23420759697344e-05,1.066192973638e-06
1999,"Paraliparis neelovi",5.195e-06,1.20208152801713e-07,8.5e-08
1999,"Paraliparis obliquosus",4.67e-06,NA,NA
1999,"Paraliparis thalassobathyalis",1.307e-05,1.09591861011665e-05,4.47406899067653e-06
1999,"Paranotothenia magellanica",5.97666666666667e-06,2.09500039777244e-06,7.9183572129818e-07
1999,"Persparsia kopua",6.38e-06,0,0
1999,"Phosichthys argenteus",2.3102e-05,3.70099786544116e-05,1.51092605157676e-05
1999,"Pleuragramma antarctica",0.005638788,NA,NA
1999,"Poromitra crassiceps",9.6025e-06,6.40430259018628e-06,2.61454558405684e-06
1999,"Protomyctophum andriashevi",3.84574120879121e-05,6.47110081078329e-05,4.70703322144516e-06
1999,"Protomyctophum bolini",0.000160909457236842,0.000213189139762678,1.18805662747422e-05
1999,"Protomyctophum choriodon",1.53904761904762e-05,1.82009589605819e-05,2.713238766103e-06
1999,"Protomyctophum gemmatum",5.40416666666667e-06,5.25555261921459e-07,1.40460551994739e-07
1999,"Protomyctophum luciferum",1.04313636363636e-05,1.26416504707011e-05,2.63596634061258e-06
1999,"Protomyctophum normani",1.21147058823529e-05,1.3923903061663e-05,3.28189542516201e-06
1999,"Protomyctophum parallelum",3.26454545454545e-05,3.11393167438325e-05,8.63649255406173e-06
1999,"Protomyctophum tenisoni",0.00031390140338983,0.000625455641296483,3.56966389183047e-05
1999,"Pseudoscopelus scriptus",8.38923076923077e-06,4.82555257896002e-06,1.24595231830403e-06
1999,"Rosenblattia robusta",9.705e-06,4.37699097554473e-06,3.095e-06
1999,"Scopelosaurus hamiltoni",5.448e-06,8.16384985435453e-07,2.46149334651741e-07
1999,"Stomias gracilis",1.70784375e-05,1.71590715421761e-05,2.82093398463392e-06
1999,"Trigonolampa miriceps",5.12e-06,2.26274169979695e-07,1.6e-07
1999,"Woodsia meyerwaardeni",NA,NA,NA
1999,"Zanclorhynchus spinifer",1.12133333333333e-05,7.23712558041289e-06,2.95454414607586e-06
2000,"Astronesthes psychrolutes",5.12e-06,2.26274169979695e-07,1.6e-07
2000,"Bathydraco antarcticus",4.55e-06,NA,NA
2000,"Bathylagus tenuis",2.99591707317073e-05,2.88089641812253e-05,4.49920431229606e-06
2000,"Benthalbella elongata",7.045e-06,2.66219833971851e-06,1.33109916985926e-06
2000,"Benthalbella macropinna",4.81e-06,NA,NA
2000,"Champsocephalus gunnari",0.000257746,NA,NA
2000,"Channichthys rhinoceratus",4.81e-06,NA,NA
2000,"Chionodraco rastrospinosus",0.000257746,NA,NA
2000,"Diplophos rebainsi",9.028e-06,4.0698796050989e-06,1.82010549144823e-06
2000,"Dissostichus eleginoides",4.55e-06,NA,NA
2000,"Echiodon cryomargarites",4.55e-06,NA,NA
2000,"Electrona antarctica",0.000190302764705882,0.000214110589822046,1.83598316092544e-05
2000,"Electrona carlsbergi",0.000198840022222222,0.000277303939556113,4.13380306183974e-05
2000,"Electrona subaspera",1.57641346153846e-05,2.19901783049498e-05,3.04948905519585e-06
2000,"Gobionotothen acuta",6.54e-05,NA,NA
2000,"Gymnoscopelus bolini",9.55944444444444e-06,6.15933818322601e-06,8.38179761230272e-07
2000,"Gymnoscopelus braueri",0.000141833560344828,0.000181883151004933,1.68874266172844e-05
2000,"Gymnoscopelus fraseri",6.22522882882883e-05,0.00015962219638887,1.51506684002072e-05
2000,"Gymnoscopelus hintonoides",2.18e-05,NA,NA
2000,"Gymnoscopelus nicholsi",4.86781382978723e-05,8.41233756252896e-05,8.67666369269328e-06
2000,"Gymnoscopelus piabilis",2.95344318181818e-05,4.11836344970984e-05,6.20866650590965e-06
2000,"Icichthys australis",7.46e-06,5.58769992717849e-06,1.19130162725465e-06
2000,"Idiacanthus atlanticus",4.6525e-06,2.66129667643425e-07,1.33064833821713e-07
2000,"Krefftichthys anderssoni",0.000139580545454545,0.000169773330163911,1.70628616837218e-05
2000,"Lampichthys procerus",8.84e-06,NA,NA
2000,"Lepidonotothen squamifrons",0.000629849264705882,0.000632584623797807,0.00010848736796423
2000,"Magnisudis prionosa",3.81e-06,NA,NA
2000,"Melanonus gracilis",7.686e-06,4.08388662918059e-06,1.82636962305005e-06
2000,"Melanostigma gelatinosum",7.64954545454545e-06,6.20546032771042e-06,1.32300858718418e-06
2000,"Metelectrona ventralis",4.55666666666667e-06,2.50066657780147e-07,1.44376052184718e-07
2000,"Muraenolepis marmorata",4.705e-06,4.39279713470434e-07,2.19639856735217e-07
2000,"Nannobrachium achirus",4.81e-06,NA,NA
2000,"Nansenia antarctica",5.97625e-06,2.94339909191494e-06,1.04064872881569e-06
2000,"Notolepis coatsi",7.86448636363637e-05,0.000265591217090054,4.00393824864335e-05
2000,"Notothenia coriiceps",0.000305635,NA,NA
2000,"Nototheniops larseni",0.00131042,0.00088688949468766,0.000335212720477041
2000,"Paradiplospinus gracilis",2.80638676470588e-05,4.24988242913425e-05,5.15373945640502e-06
2000,"Paraliparis thalassobathyalis",4.91e-06,1.73205080756888e-07,1e-07
2000,"Protomyctophum andriashevi",4.61913698630137e-05,6.38752972870896e-05,7.47603807197486e-06
2000,"Protomyctophum bolini",0.00017664712244898,0.000213217397427069,2.15382096553753e-05
2000,"Protomyctophum choriodon",1.04977777777778e-05,1.42073632122377e-05,4.73578773741256e-06
2000,"Protomyctophum gemmatum",4.49e-06,2.54558441227157e-07,1.8e-07
2000,"Protomyctophum luciferum",5.95e-06,2.27613707847309e-06,1.13806853923654e-06
2000,"Protomyctophum normani",8.79909090909091e-06,5.3218163338196e-06,1.60458799840585e-06
2000,"Protomyctophum tenisoni",0.000191118548387097,0.000373821762046477,3.87635109681208e-05
2000,"Pseudoscopelus scriptus",8.08666666666667e-06,5.13108500546749e-06,2.96243330914151e-06
2000,"Stomias gracilis",3.8859358974359e-05,4.06235589169422e-05,6.50497549036214e-06
2000,"Trigonolampa miriceps",5.035e-06,1.06066017177982e-07,7.50000000000001e-08
2001,"Chionodraco rastrospinosus",0.00043288,NA,NA
2001,"Electrona antarctica",0.000356669272727273,0.00026465500218212,7.97964855571621e-05
2001,"Electrona carlsbergi",0.000374789125,0.000299789151284907,0.000105991470899859
2001,"Electrona subaspera",0.00023005,8.20668130245107e-06,5.803e-06
2001,"Gymnoscopelus bolini",0.00021443,NA,NA
2001,"Gymnoscopelus braueri",0.000335402625,0.000155478068010468,5.49697981079927e-05
2001,"Gymnoscopelus nicholsi",0.000296164,0.00011619608387549,6.70858403042947e-05
2001,"Krefftichthys anderssoni",0.000525047,NA,NA
2001,"Lepidonotothen squamifrons",0.00122036061538462,0.00229006518131693,0.000449118732574402
2001,"Notolepis coatsi",0.000993538666666667,0.00128569211128028,0.000742294686542646
2001,"Notothenia neglecta",0.000197465,NA,NA
2001,"Nototheniops larseni",0.00245966626086957,0.00388022692447231,0.000809083243564829
2001,"Pleuragramma antarctica",0.00158446311111111,0.00222863309606597,0.000742877698688658
2002,"Artedidraco mirus",0.000312252,NA,NA
2002,"Bathydraco antarcticus",0.00026087,NA,NA
2002,"Bathylagus antarcticus",0.0084076805,0.011532700176225,0.0081548505
2002,"Champsocephalus gunnari",0.001256136,NA,NA
2002,"Chionodraco rastrospinosus",0.0014259115,0.00155633283300344,0.0011004935
2002,"Electrona antarctica",0.00397508222857143,0.0178703994842372,0.00302064883156026
2002,"Electrona carlsbergi",0.000869021333333333,0.0004989420474808,0.000288064325423063
2002,"Electrona subaspera",0.000227676,NA,NA
2002,"Gerlachea australis",0.000815395,NA,NA
2002,"Gobionotothen gibberifrons",0.000561423,NA,NA
2002,"Gymnoscopelus braueri",0.000467307857142857,0.000431255832288843,0.000162999383383208
2002,"Gymnoscopelus nicholsi",0.000369112333333333,0.000186978056777616,0.00010795183141311
2002,"Harpagifer antarcticus",0.000626212,0.000535763494396548,0.000378842
2002,"Krefftichthys anderssoni",0.000256879,NA,NA
2002,"Lepidonotothen squamifrons",0.00111108431818182,0.00144483200758511,0.00030803921903066
2002,"Lindbergichthys nudifrons",0.00138913742857143,0.00116750385263545,0.0004412749783976
2002,"Notolepis coatsi",0.00078296375,0.00122406170126463,0.000306015425316158
2002,"Nototheniops larseni",0.0125268352222222,0.0288276839242553,0.00554789035792741
2002,"Parachaenichthys charcoti",0.000331304,0.00010803743088393,7.6394e-05
2002,"Pleuragramma antarctica",0.00190569066666667,0.00186290122761392,0.000760526241476417
2002,"Prionodraco evansii",0.0005844175,0.000455228351916193,0.000227614175958097
2002,"Trematomus lepidorhinus",0.003313826,NA,NA
2002,"Trematomus newnesi",0.0008110348,0.00067232193903308,0.000300671511688487
2002,"Trematomus pennellii",0.000407698,NA,NA
2002,"Trematomus scotti",0.000767698,0.000513367660109692,0.000229584997091056
2003,"Artedidraco mirus",0.000208284,NA,NA
2003,"Bathylagus antarcticus",0.00025974,NA,NA
2003,"Champsocephalus gunnari",0.0003173965,8.565396572547e-05,6.05665e-05
2003,"Chionodraco rastrospinosus",0.0003375836,0.000170425141001262,7.62164400707616e-05
2003,"Cryodraco antarcticus",0.000302238,5.51727137088615e-05,3.9013e-05
2003,"Electrona antarctica",0.00252751550526316,0.00351708306330319,0.000360845108543441
2003,"Electrona carlsbergi",0.000254295,NA,NA
2003,"Gymnoscopelus braueri",0.000637345625,0.000464021108640833,0.000164056236266816
2003,"Gymnoscopelus nicholsi",0.000242946,NA,NA
2003,"Harpagifer antarcticus",0.000619844666666667,0.000400737254248134,0.000231365761614471
2003,"Krefftichthys anderssoni",0.0001415785,0.000181130351748402,0.0001280785
2003,"Lepidonotothen squamifrons",0.000918158765957447,0.00082874931371826,0.0001208855115994
2003,"Notolepis annulata",0.0002567025,4.29567369570829e-06,3.03750000000001e-06
2003,"Notolepis coatsi",0.000499790257142857,0.00045046244104628,7.61420497291314e-05
2003,"Nototheniops larseni",0.0019941906,0.00234431110277828,0.000316106844612833
2003,"Pleuragramma antarctica",0.00129634355172414,0.00134159776890235,0.0002491284513939
2003,"Protomyctophum bolini",0.000708694,0.000650336006152204,0.000459857
2003,"Pseudochaenichthys georgianus",0.000263225,NA,NA
2004,"Artedidraco mirus",0.0005673545,0.000429771723430591,0.0003038945
2004,"Bathydraco antarcticus",0.000255659,4.45477272147524e-06,3.15e-06
2004,"Bathylagus antarcticus",0.000146409916666667,0.000227099599467826,5.507974330243e-05
2004,"Bathylagus gracilis",2.822e-05,3.73069537754022e-05,2.638e-05
2004,"Bathylagus tenuis",5.96933636363636e-05,3.82481808463428e-05,1.15322604346343e-05
2004,"Benthalbella elongata",1.511375e-05,9.47766538085348e-06,3.35086073030924e-06
2004,"Benthalbella macropinna",1.0544e-05,4.89026379656558e-06,2.18699245540537e-06
2004,"Chaenocephalus aceratus",1.56e-05,NA,NA
2004,"Champsocephalus gunnari",0.000241277333333333,0.000606195249090784,0.000156518940285244
2004,"Channichthys rhinoceratus",2.2e-06,NA,NA
2004,"Chionodraco rastrospinosus",0.0002488682,1.44045326442755e-05,6.44190283534298e-06
2004,"Cryodraco antarcticus",0.00024495,NA,NA
2004,"Cynomacrurus piriei",1.191e-05,4.58424475786361e-06,2.64671494498369e-06
2004,"Electrona antarctica",0.000836900316326531,0.0016973883259897,0.000111439003131722
2004,"Electrona carlsbergi",0.000455776814814815,0.000828430890560584,0.000159431599223385
2004,"Galiteuthis glacialis",3.58227777777778e-05,3.97280920060912e-05,1.32426973353637e-05
2004,"Gobionotothen gibberifrons",0.00046871075,0.000903256335770149,0.000403948513577886
2004,"Gymnoscopelus bolini",9.53333333333333e-06,7.97146425848115e-06,2.30116351773479e-06
2004,"Gymnoscopelus braueri",0.000275190934210526,0.000418526814357227,4.67927203654597e-05
2004,"Gymnoscopelus fraseri",7.98531555555556e-05,8.08335005270248e-05,1.16673108222044e-05
2004,"Gymnoscopelus hintonoides",3.38e-06,NA,NA
2004,"Gymnoscopelus microlampas",4e-05,NA,NA
2004,"Gymnoscopelus nicholsi",9.50375490196078e-05,0.00023729397093591,3.2291619323989e-05
2004,"Harpagifer antarcticus",0.0002740755,2.48406612230835e-06,1.75650000000001e-06
2004,"Icichthys australis",5.515e-06,2.32638131010374e-06,1.645e-06
2004,"Krefftichthys anderssoni",0.00016791821686747,0.000326275907623984,3.42030086549904e-05
2004,"Lepidonotothen squamifrons",0.00166288748780488,0.00278818087607014,0.000435440696241743
2004,"Lindbergichthys nudifrons",0.000569779,0.000791080682571,0.000299000393295728
2004,"Melanostigma gelatinosum",3.89e-05,NA,NA
2004,"Nannobrachium achirus",7.4581e-05,0.000103471985469937,2.98697893323267e-05
2004,"Nansenia antarctica",2.32807692307692e-05,2.47724310681378e-05,6.87063618723601e-06
2004,"Nemichthys curvirostris",1.0065e-05,8.98025612106915e-07,6.35e-07
2004,"Notolepis annulata",0.0004136255,0.000137895014719532,9.75065e-05
2004,"Notolepis coatsi",0.000451599723076923,0.000504615270157607,5.15020803459509e-05
2004,"Notothenia coriiceps",3.39e-06,NA,NA
2004,"Notothenia rossii",1.69e-06,NA,NA
2004,"Nototheniops larseni",0.00129850946774194,0.00216118183469013,0.000264030383897033
2004,"Oneirodes notius",9.1e-06,NA,NA
2004,"Paradiplospinus gracilis",1.81673333333333e-05,2.01658663044642e-05,5.20680429060234e-06
2004,"Patagonotothen guntheri",0.001825856,0.000951345706049068,0.000672703
2004,"Pleuragramma antarctica",0.00144045225,0.00216610173162268,0.00055928506218438
2004,"Poromitra crassiceps",1.685e-05,8.1317279836453e-06,5.75e-06
2004,"Protomyctophum andriashevi",1.01133333333333e-05,1.01525427849382e-05,3.38418092831272e-06
2004,"Protomyctophum bolini",0.000127709484375,0.000181822058233378,2.18888035902356e-05
2004,"Protomyctophum choriodon",6.67688965517241e-05,8.26544470039249e-05,1.4845176917996e-05
2004,"Protomyctophum parallelum",8.11557142857143e-05,7.6346479093045e-05,2.88562567365127e-05
2004,"Protomyctophum tenisoni",3.36733333333333e-05,5.04153243898453e-05,2.91073011077595e-05
2004,"Pseudochaenichthys georgianus",1.95e-06,NA,NA
2004,"Slosarczykovia circumantarctica",1.739e-05,1.52072564915569e-05,4.8089567475701e-06
2004,"Stomias gracilis",2.67714285714286e-05,1.88664349317238e-05,5.04226683031244e-06
2004,"Trematomus lepidorhinus",0.000489901,NA,NA
2004,"Trematomus scotti",0.000297998,NA,NA
2005,"Bathydraco antarcticus",0.000281419,NA,NA
2005,"Bathylagus antarcticus",7.16575555555555e-05,4.36889021582698e-05,8.40793314055876e-06
2005,"Champsocephalus gunnari",0.00211095666666667,0.00227330880335135,0.000757769601117117
2005,"Chionodraco rastrospinosus",0.000305237,0.000263635554854614,0.000117901404388158
2005,"Cryodraco antarcticus",0.000277952,3.46270190747052e-05,2.4485e-05
2005,"Cyclothone microdon",3.56e-05,NA,NA
2005,"Electrona antarctica",0.000314004,0.000414096368693602,4.3894127293355e-05
2005,"Electrona carlsbergi",0.0003150222,2.88358048907951e-05,1.28957639843477e-05
2005,"Electrona subaspera",0.000283054,NA,NA
2005,"Gerlachea australis",5.85e-05,NA,NA
2005,"Gymnoscopelus bolini",0.0004247265,0.000241815669923394,0.0001709895
2005,"Gymnoscopelus braueri",0.00048506175,0.000310467563970285,0.000109766859910928
2005,"Gymnoscopelus nicholsi",0.0003572985,0.00014076595885251,7.03829794262552e-05
2005,"Gymnoscopelus opisthopterus",0.041788338,NA,NA
2005,"Krefftichthys anderssoni",0.0002595885,7.01662058971412e-06,4.9615e-06
2005,"Lepidonotothen squamifrons",0.000954364703703704,0.0008811504695632,0.00016957748693296
2005,"Lindbergichthys nudifrons",0.000310486,4.45137860892556e-05,3.1476e-05
2005,"Notolepis annulata",0.09717634675,0.193543760314509,0.0967718801572547
2005,"Notolepis coatsi",0.000480726670103093,0.000542762904609115,5.51092233771649e-05
2005,"Nototheniops larseni",0.000736056861111111,0.000722167149765528,0.000120361191627588
2005,"Pleuragramma antarctica",0.000848115923076923,0.0011178723215866,0.000310041998069419
2005,"Protomyctophum bolini",0.000459453777777778,0.000333172892093121,0.000111057630697707
2005,"Racovitzia glacialis",0.000296094,NA,NA
2005,"Trematomus lepidorhinus",0.001266313,NA,NA
2005,"Trematomus scotti",0.000920413611111111,0.00120186853876802,0.000283283131285877
2006,"Alluroteuthis antarcticus",1.24166666666667e-05,4.6947665898672e-06,2.71052475444229e-06
2006,"Artedidraco scottsbergi",1.67e-05,NA,NA
2006,"Bathylagus antarcticus",0.0002752676,0.000240426677132378,4.31819059616546e-05
2006,"Bathylagus gracilis",1.775e-05,3.04055915910215e-06,2.15e-06
2006,"Bathylagus tenuis",1.257e-05,3.71938166904124e-06,2.63e-06
2006,"Bathyteuthis abyssicola",1.81e-05,2.88270706107991e-06,1.66433169770932e-06
2006,"Benthalbella elongata",1.661e-05,1.26507588705184e-05,7.30391903934684e-06
2006,"Benthalbella macropinna",9.16e-06,1.56782226883874e-06,7.83911134419372e-07
2006,"Borostomias antarcticus",1.55781818181818e-05,1.19825772004038e-05,3.4590720861193e-06
2006,"Chionodraco rastrospinosus",0.0001639105,0.000185559668625755,0.0001312105
2006,"Cryodraco antarcticus",4.67666666666667e-05,1.21825011115671e-05,7.03357029616617e-06
2006,"Cyclothone microdon",9.41813333333333e-05,9.31450001091488e-05,5.37772908866848e-05
2006,"Cygnodraco mawsoni",0.000102344,9.62669050504897e-05,5.55797235449524e-05
2006,"Cynomacrurus piriei",1.44242857142857e-05,8.15429714351653e-06,2.88297940299532e-06
2006,"Electrona antarctica",0.00117381919230769,0.00277668441275546,0.000183890417502638
2006,"Electrona carlsbergi",0.000370229894736842,0.000648864525365991,0.000141593847774345
2006,"Electrona subaspera",1.03e-05,NA,NA
2006,"Filippovia knipovitchi",9.94e-06,NA,NA
2006,"Galiteuthis glacialis",3.65e-05,NA,NA
2006,"Gerlachea australis",2.8e-05,NA,NA
2006,"Gonatus antarcticus",8.81e-06,NA,NA
2006,"Gymnodraco acuticeps",2.27e-05,5.40277706369604e-06,3.11929479209644e-06
2006,"Gymnoscopelus braueri",0.000169535666666667,0.000201424711695665,2.9380813858954e-05
2006,"Gymnoscopelus fraseri",2.532e-05,9.87672010335415e-06,4.0321540975844e-06
2006,"Gymnoscopelus nicholsi",0.00021408375,0.000497637512015152,9.95275024030304e-05
2006,"Gymnoscopelus opisthopterus",2.97333333333333e-05,2.46668738730036e-05,9.32320198419487e-06
2006,"Gymnoscopelus piabilis",3.08666666666667e-05,1.53001089320741e-05,8.83352201056357e-06
2006,"Harpagifer antarcticus",0.00114023975,0.000866223718367788,0.000433111859183894
2006,"Histioteuthis eltaninae",1.37e-05,NA,NA
2006,"Icichthys australis",8.69e-06,NA,NA
2006,"Krefftichthys anderssoni",0.000196391714285714,0.000198141087449526,3.21427287904568e-05
2006,"Lepidonotothen squamifrons",0.00138271725,0.00166859963589357,0.000263828767617566
2006,"Mastigoteuthis psychrophila",8.88e-06,1.49906637611548e-06,8.6548637578339e-07
2006,"Nannobrachium achirus",2.61077777777778e-05,1.86832332998319e-05,4.17769796979118e-06
2006,"Nansenia antarctica",1.456e-05,2.69685001436862e-06,1.2060679914499e-06
2006,"Notolepis annulata",0.0004669881,0.000302868178844801,9.57753275936797e-05
2006,"Notolepis coatsi",0.00060862348951049,0.00122797240640439,9.05273268522498e-05
2006,"Nototheniops larseni",0.00142457494,0.00141369554425852,0.000199926741175681
2006,"Pagetopsis maculatus",6.436025e-05,4.27095858122038e-05,2.13547929061019e-05
2006,"Paradiplospinus gracilis",1.252e-05,4.90620015898251e-06,1.73460370113752e-06
2006,"Pleuragramma antarctica",0.00260298694871795,0.0120028868891593,0.00189782305335581
2006,"Pogonophryne marmorata",3.96666666666667e-05,2.29325823520452e-05,1.32401325941665e-05
2006,"Poromitra crassiceps",1.704e-05,7.45002759129865e-06,2.35590558196017e-06
2006,"Prionodraco evansii",NA,NA,NA
2006,"Protomyctophum andriashevi",3.17733333333333e-05,3.74251804716201e-05,2.16074380197602e-05
2006,"Protomyctophum bolini",0.000395356466666667,0.00134581411674167,0.000237908572041154
2006,"Protomyctophum gemmatum",2.7e-05,NA,NA
2006,"Protomyctophum luciferum",1.52e-05,NA,NA
2006,"Protomyctophum parallelum",6.4491e-05,4.31789862934893e-05,2.15894931467446e-05
2006,"Protomyctophum tenisoni",7.50123333333333e-05,0.000102863052867578,2.57157632168944e-05
2006,"Psychroteuthis glacialis",1.55e-05,NA,NA
2006,"Sio nordenskjoldii",9.99e-06,2.18542901966639e-06,1.26175803279921e-06
2006,"Slosarczykovia circumantarctica",1.39946153846154e-05,8.57720099584223e-06,2.29235339028128e-06
2006,"Stomias gracilis",2.1635e-05,1.75376803863377e-05,8.76884019316884e-06
2006,"Trematomus lepidorhinus",0.001103856,NA,NA
2006,"Trematomus scotti",0.000253922,NA,NA
2007,"Chionodraco rastrospinosus",0.0003087685,9.30340392007142e-06,6.57850000000001e-06
2007,"Cryodraco antarcticus",0.000242875,NA,NA
2007,"Electrona antarctica",0.00134541078947368,0.00290126031714829,0.000665594764808114
2007,"Electrona carlsbergi",0.000357996333333333,0.000133893592357265,7.73035015902327e-05
2007,"Gymnoscopelus braueri",0.0004030075,0.000159344391820045,0.0001126735
2007,"Gymnoscopelus nicholsi",0.000279643,NA,NA
2007,"Krefftichthys anderssoni",0.000231283,NA,NA
2007,"Lepidonotothen squamifrons",0.001793855,0.00188493091302021,0.000369665365664012
2007,"Notolepis annulata",0.000259415333333333,3.10822717530964e-05,1.79453579636753e-05
2007,"Notolepis coatsi",0.000857551066666667,0.000675873908867038,0.000174509892878543
2007,"Nototheniops larseni",0.00225473404545455,0.00301621941921072,0.000371270945431465
2007,"Pleuragramma antarctica",0.00056924,0.000498310924932416,0.000287699946649862
2008,"Alluroteuthis antarcticus",2.2655e-05,1.13107448914738e-05,4.61759226581704e-06
2008,"Artedidraco mirus",0.000271441,NA,NA
2008,"Bathydraco antarcticus",0.009772929,0.00977164992346103,0.00564166471373701
2008,"Bathylagus antarcticus",0.000771810934782609,0.000732471981305418,0.000107997101752324
2008,"Bathyteuthis abyssicola",1.415e-05,6.70646454301122e-06,3.35323227150561e-06
2008,"Benthalbella elongata",1.31133333333333e-05,9.83618489727259e-06,5.67892399823926e-06
2008,"Benthalbella macropinna",9.985e-06,3.04055915910216e-07,2.15e-07
2008,"Borostomias antarcticus",2.217e-05,1.84602816879917e-05,8.25568894762878e-06
2008,"Champsocephalus gunnari",2.35e-05,NA,NA
2008,"Chionodraco rastrospinosus",0.000547912181818182,0.000694691558447462,0.000209457385854316
2008,"Cryodraco antarcticus",0.002134892,0.000734056034831129,0.000519056
2008,"Cynomacrurus piriei",2.26333333333333e-05,1.84704809538536e-05,7.54054227345605e-06
2008,"Electrona antarctica",0.000673139432624114,0.000884996992535489,7.45301917401854e-05
2008,"Electrona carlsbergi",0.000208757529411765,0.000277904253526308,6.55026607296794e-05
2008,"Electrona subaspera",0.000279648333333333,0.000301785889617678,0.000174236164608397
2008,"Galiteuthis glacialis",2.36638888888889e-05,1.67443915593494e-05,3.94669093948624e-06
2008,"Gerlachea australis",0.00134888335294118,0.00231119352454292,0.000560546766054942
2008,"Gobionotothen gibberifrons",0.000370527,0.000200131093694442,0.000100065546847221
2008,"Gymnodraco acuticeps",0.000224003333333333,1.975164626894e-05,1.14036182903108e-05
2008,"Gymnoscopelus bolini",9.52136666666667e-05,0.000147483648349006,8.51497240753669e-05
2008,"Gymnoscopelus braueri",0.000152562181818182,0.000198060287320782,3.44778705547138e-05
2008,"Gymnoscopelus fraseri",9.55682222222222e-05,3.76640720540735e-05,1.19104253647569e-05
2008,"Gymnoscopelus nicholsi",2.11646666666667e-05,1.91974592316895e-05,4.95676265958862e-06
2008,"Gymnoscopelus opisthopterus",4.73049375e-05,7.37094202369175e-05,1.84273550592294e-05
2008,"Harpagifer antarcticus",0.00146072535294118,0.00272689643493143,0.000661369531255442
2008,"Krefftichthys anderssoni",0.00010208935483871,0.000156032056246689,2.80241845880453e-05
2008,"Lepidonotothen squamifrons",0.00208827918604651,0.0037147998717745,0.000566501669517355
2008,"Lindbergichthys nudifrons",0.00104921766666667,0.000490014208586173,0.000282909835233968
2008,"Melanostigma gelatinosum",6.47e-05,NA,NA
2008,"Nannobrachium achirus",1.367375e-05,6.5120173251349e-06,2.30234580490359e-06
2008,"Nansenia antarctica",1.21428571428571e-05,3.75626460856045e-06,1.41973457325776e-06
2008,"Notolepis annulata",0.000323654428571429,0.000108853328527974,4.1142690952376e-05
2008,"Notolepis coatsi",0.0006771605,0.000768607971768539,0.000181162636303857
2008,"Notothenia neglecta",0.000480436083333333,0.000360825059588428,0.000104161222641871
2008,"Nototheniops larseni",0.00296825384210526,0.00568224935695632,0.000752632313420068
2008,"Parachaenichthys charcoti",0.000506142,NA,NA
2008,"Paradiplospinus gracilis",9.79333333333333e-06,5.42868922177966e-07,2.21625309425115e-07
2008,"Pleuragramma antarctica",0.000964290928571429,0.00103215264040022,0.000275854396516551
2008,"Poromitra crassiceps",1.696e-05,1.40015356300657e-05,6.26167709164246e-06
2008,"Prionodraco evansii",0.006104081,NA,NA
2008,"Protomyctophum andriashevi",4.64e-06,NA,NA
2008,"Protomyctophum bolini",0.00263055794871795,0.00762071465018235,0.00120494078463948
2008,"Protomyctophum choriodon",6.97398333333333e-05,4.81072248229584e-05,1.81828218781459e-05
2008,"Protomyctophum gemmatum",1.04e-05,NA,NA
2008,"Protomyctophum tenisoni",0.00045945,NA,NA
2008,"Pseudochaenichthys georgianus",0.0002500125,2.17541401232041e-05,1.53825e-05
2008,"Racovitzia glacialis",0.000213957,NA,NA
2008,"Slosarczykovia circumantarctica",3.65439333333333e-05,3.00305997858058e-05,7.75386752313639e-06
2008,"Stomias gracilis",1.185e-05,2.12132034355965e-07,1.5e-07
2008,"Trematomus eulepidotus",0.000265194,NA,NA
2008,"Trematomus lepidorhinus",0.000206389,NA,NA
2008,"Trematomus newnesi",0.002308338,NA,NA
2009,"Bathylagus antarcticus",0.000260576875,0.000151782104078217,5.36630775282348e-05
2009,"Benthalbella elongata",1.392e-05,3.24596159352921e-06,1.6229807967646e-06
2009,"Benthalbella macropinna",1.615125e-05,8.08417755778003e-06,2.85818838571118e-06
2009,"Borostomias antarcticus",1.4144e-05,9.08508007669718e-06,4.06297132650478e-06
2009,"Chionodraco rastrospinosus",0.000397224666666667,0.000284965389730636,0.000164524844470709
2009,"Cynomacrurus piriei",1.59333333333333e-05,4.09186184191663e-06,2.36243753591732e-06
2009,"Electrona antarctica",0.000228860893617021,0.000313317988341351,4.34493874034604e-05
2009,"Electrona carlsbergi",0.000112143076923077,8.95902851443369e-05,2.23975712860842e-05
2009,"Electrona subaspera",9.715e-06,3.51432070249714e-06,2.485e-06
2009,"Gobionotothen gibberifrons",0.000429700333333333,0.000334331237960699,0.00019302623023511
2009,"Gymnoscopelus bolini",1.01e-05,NA,NA
2009,"Gymnoscopelus braueri",0.00019969085,0.000257037159908291,3.87498098451993e-05
2009,"Gymnoscopelus fraseri",5.21488461538462e-05,6.65152784502004e-05,1.66288196125501e-05
2009,"Gymnoscopelus hintonoides",1.28e-05,NA,NA
2009,"Gymnoscopelus nicholsi",1.63444444444444e-05,3.731993807307e-06,1.243997935769e-06
2009,"Gymnoscopelus opisthopterus",9.29e-06,NA,NA
2009,"Krefftichthys anderssoni",0.000142590368421053,0.000116125696270708,2.53407044423795e-05
2009,"Lepidonotothen squamifrons",0.00175627754545455,0.00234879440562711,0.00050076464985175
2009,"Lindbergichthys nudifrons",0.000201737,NA,NA
2009,"Macrourus holotrachys",0.000167101,NA,NA
2009,"Nannobrachium achirus",3.07015384615385e-05,2.27824500607207e-05,6.31871475958662e-06
2009,"Nansenia antarctica",9.45666666666667e-06,3.11053585951574e-06,1.7958687158154e-06
2009,"Nemichthys curvirostris",9.49e-06,4.39820417898033e-06,3.11e-06
2009,"Notolepis annulata",0.000212643,NA,NA
2009,"Notolepis coatsi",0.000410038428571429,0.000324003310936719,8.65935272646849e-05
2009,"Notothenia rossii",1.28e-05,NA,NA
2009,"Nototheniops larseni",0.00353864133333333,0.00865663096784005,0.00144277182797334
2009,"Paradiplospinus gracilis",1.86855555555556e-05,1.08746300064774e-05,3.43885995320801e-06
2009,"Pleuragramma antarctica",0.0003025672,0.000160499640514239,7.17776213108236e-05
2009,"Poromitra crassiceps",2.36033333333333e-05,1.44326724252071e-05,8.33270730981901e-06
2009,"Protomyctophum andriashevi",1.5815e-05,1.2141023432973e-05,8.585e-06
2009,"Protomyctophum bolini",0.0002161905,0.000284933306428486,7.12333266071214e-05
2009,"Protomyctophum choriodon",2.1466e-05,1.65343999655936e-05,4.5858174526906e-06
2009,"Protomyctophum parallelum",6.38e-06,NA,NA
2009,"Protomyctophum tenisoni",0.0002528465,0.000230582571597465,0.000115291285798732
2009,"Racovitzia glacialis",0.000201737,NA,NA
2009,"Stomias gracilis",7.07e-06,2.26274169979695e-07,1.6e-07
2010,"Electrona antarctica",0.000398364,0.000208297993209248,0.000120260902451018
2010,"Gymnoscopelus braueri",0.000213624,NA,NA
2010,"Lepidonotothen squamifrons",0.001788645,0.00207743867466179,0.000599704889020463
2010,"Notolepis annulata",0.000377566,NA,NA
2010,"Notolepis coatsi",0.00102898233333333,0.000803428324805559,0.000327998240112115
2010,"Nototheniops larseni",0.0005004205,0.000202965378941828,0.000101482689470914
2010,"Pleuragramma antarctica",0.00113686,0.000493892873455368,0.000349235
2010,"Racovitzia glacialis",0.000267902,NA,NA
2011,"Bathydraco antarcticus",0.002332584,NA,NA
2011,"Bathylagus antarcticus",0.001096732,NA,NA
2011,"Chaenodraco wilsoni",0.003712631,0.00502801711791537,0.003555345
2011,"Champsocephalus gunnari",0.016983472,0.0221131748393078,0.00835799447469988
2011,"Chionodraco rastrospinosus",0.00248980355555556,0.00227196854304319,0.000757322847681062
2011,"Cryodraco antarcticus",0.000488904,0.000288747505544204,0.000129131810146067
2011,"Electrona antarctica",0.0133580926842105,0.0463235312545629,0.0106273469182415
2011,"Electrona carlsbergi",0.0025980588,0.00397204463747183,0.0017763523638101
2011,"Gymnoscopelus braueri",0.030754233,0.0643957341546665,0.0287986478061678
2011,"Gymnoscopelus nicholsi",0.00112185428571429,0.000810380264463277,0.000306294949594941
2011,"Gymnoscopelus opisthopterus",0.000548368,NA,NA
2011,"Harpagifer antarcticus",0.0005965265,5.14703026025689e-06,3.6395e-06
2011,"Krefftichthys anderssoni",0.000287062,NA,NA
2011,"Lepidonotothen squamifrons",0.00587394629268293,0.00858863809745785,0.00134131992117979
2011,"Lindbergichthys nudifrons",0.0043264508,0.0086283041229089,0.0038586949098732
2011,"Notolepis coatsi",0.00674762836363636,0.00963932635007656,0.00290636624863545
2011,"Nototheniops larseni",0.0107558808333333,0.0391063905973668,0.00603424707409975
2011,"Pagetopsis maculatus",0.000501308,NA,NA
2011,"Parachaenichthys charcoti",0.010870113,NA,NA
2011,"Pleuragramma antarctica",0.0100545037692308,0.0123115948287046,0.00341462203366398
2011,"Pogonophryne marmorata",0.000911316,NA,NA
2011,"Protomyctophum bolini",0.029185908,NA,NA
2011,"Racovitzia glacialis",0.000866184,0.000192943984741686,0.000136432
2011,"Trematomus eulepidotus",0.000246485,NA,NA
2011,"Trematomus newnesi",0.00663639866666667,0.0107278535437702,0.00619372913132259
2011,"Trematomus scotti",0.004317079375,0.00367822418782752,0.00130044863296861
2012,"Chionodraco rastrospinosus",0.0009049965,0.000768003524289114,0.0005430605
2012,"Electrona antarctica",0.000287864,NA,NA
2012,"Parachaenichthys charcoti",0.001809678,NA,NA
2013,"Bathydraco antarcticus",0.0037431295,0.00487527286079092,0.0034473385
2013,"Chaenocephalus aceratus",0.000549796,0.000375578352613672,0.000265574
2013,"Chaenodraco wilsoni",0.000374309,0.000131854201487855,9.3235e-05
2013,"Electrona antarctica",0.000987512454545455,0.00177574181246956,0.000535406301500652
2013,"Gobionotothen gibberifrons",0.000307723333333333,9.04103221890805e-05,5.21984238533864e-05
2013,"Gymnoscopelus braueri",0.000426401,6.32676721398852e-05,4.4737e-05
2013,"Harpagifer antarcticus",0.000281074,NA,NA
2013,"Krefftichthys anderssoni",0.00165992133333333,0.00191957073264484,0.000783661470026723
2013,"Lepidonotothen squamifrons",0.000152644,NA,NA
2013,"Lindbergichthys nudifrons",0.000414096,NA,NA
2013,"Notolepis coatsi",0.0013686114375,0.0014030148498155,0.000350753712453874
2013,"Nototheniops larseni",0.000897780666666667,0.0010575858293342,0.000352528609778065
2013,"Parachaenichthys charcoti",0.000810874,0.000335006885129246,0.000193416315309748
2013,"Protomyctophum bolini",0.0002672396,9.071460977869e-05,4.05688068035036e-05
2013,"Racovitzia glacialis",0.00026055,2.73933167031669e-06,1.93700000000001e-06
2014,"Bathylagus antarcticus",0.0002350775,5.11117994645072e-05,3.61415e-05
2014,"Chaenocephalus aceratus",0.000274551,NA,NA
2014,"Chaenodraco wilsoni",0.000291702,6.6723506514571e-05,2.7239757468328e-05
2014,"Chionodraco rastrospinosus",0.0002514975,4.95002516188891e-05,2.47501258094445e-05
2014,"Dacodraco hunteri",0.000390712,NA,NA
2014,"Electrona antarctica",0.000588107565217391,0.000471261923310538,9.8264903806507e-05
2014,"Gobionotothen gibberifrons",0.000211996,NA,NA
2014,"Krefftichthys anderssoni",0.0031721975,0.00333016701258238,0.00105309127485189
2014,"Lepidonotothen squamifrons",0.000259281571428571,0.000128546643575859,4.85860643962547e-05
2014,"Lindbergichthys nudifrons",0.001567376,0.00228927037685688,0.000611833243992095
2014,"Muraenolepis microps",0.000209876333333333,6.79114270306061e-05,3.9208680677172e-05
2014,"Neopagetopsis ionah",0.000228211,NA,NA
2014,"Notolepis coatsi",0.00030773275,0.000110089655727729,5.50448278638647e-05
2014,"Nototheniops larseni",0.001448698,0.000519159212960726,0.000367101
2014,"Parachaenichthys charcoti",0.000565973125,0.00042785509680446,0.00015126962015783
2014,"Pleuragramma antarctica",0.0002863722,9.66809696486335e-05,4.32370440529877e-05
2014,"Protomyctophum bolini",0.001109583,NA,NA
2014,"Trematomus loennbergii",0.000239881,3.3538074631678e-05,2.3715e-05
2014,"Trematomus newnesi",0.0014237958,0.00140457954331277,0.000628147067730591
2014,"Trematomus pennellii",0.0009130645,0.00104125225306279,0.000520626126531394
2015,"Chaenocephalus aceratus",0.000346958,NA,NA
2015,"Chaenodraco wilsoni",0.00152492,NA,NA
2015,"Chionodraco rastrospinosus",0.000239891833333333,4.48080959533728e-05,1.82928285719052e-05
2015,"Electrona antarctica",0.000524547846153846,0.000320400571697848,8.88631299957359e-05
2015,"Electrona carlsbergi",0.000246394,NA,NA
2015,"Gymnoscopelus braueri",0.000264697,NA,NA
2015,"Krefftichthys anderssoni",0.00117881475,0.000746106827937472,0.000373053413968736
2015,"Lepidonotothen squamifrons",0.000254750857142857,5.22206260955336e-05,1.97375414224103e-05
2015,"Lindbergichthys nudifrons",0.000842171,NA,NA
2015,"Notolepis coatsi",0.00113908133333333,0.00165828467256134,0.000676991882675594
2015,"Nototheniops larseni",0.00163247866666667,0.00218636864124656,0.00126230052357146
2015,"Pleuragramma antarctica",0.000384657,0.000200471572206635,8.96536126020586e-05
2015,"Trematomus scotti",0.000404966,NA,NA
2016,"Benthalbella elongata",3.579375e-06,3.0380771742447e-06,7.59519293561175e-07
2016,"Benthalbella macropinna",2.734e-06,8.82060088656096e-07,3.94469263694904e-07
2016,"Borostomias antarcticus",2.24666666666667e-06,1.36137185711081e-07,7.85988408170106e-08
2016,"Electrona antarctica",1.824e-05,1.6288141611088e-05,4.20558008002746e-06
2016,"Electrona carlsbergi",2.14333333333333e-06,1.5502687938978e-07,8.9504810547317e-08
2016,"Gymnoscopelus bolini",3.24333333333333e-06,1.94582287648868e-06,7.94378862871979e-07
2016,"Gymnoscopelus braueri",2.28639375e-05,4.24088184862044e-05,1.06022046215511e-05
2016,"Gymnoscopelus fraseri",4.4e-06,NA,NA
2016,"Gymnoscopelus hintonoides",2.17e-06,1.41421356237308e-08,9.9999999999999e-09
2016,"Gymnoscopelus nicholsi",3.39846153846154e-06,1.43039531921451e-06,3.96720282123968e-07
2016,"Gymnoscopelus opisthopterus",6.598e-06,4.9439174750394e-06,2.21098710986745e-06
2016,"Icichthys australis",1.82e-06,NA,NA
2016,"Krefftichthys anderssoni",3.02330917431193e-05,6.86057598623308e-05,6.57124001137107e-06
2016,"Nannobrachium achirus",2.96142857142857e-06,1.91743255919149e-06,7.24721386765545e-07
2016,"Nansenia antarctica",2.045e-06,4.31335136523794e-07,3.05e-07
2016,"Notolepis coatsi",9.62666666666667e-06,1.06071406766071e-05,6.12403552497135e-06
2016,"Paradiplospinus gracilis",3.86e-06,3.24014814476129e-06,1.32278494094845e-06
2016,"Protomyctophum bolini",7.44083333333333e-06,3.52803952341635e-06,1.01845728427804e-06
2019,"Bathylagus antarcticus",0.000464738130434783,0.000386369842447775,6.93940722468701e-05
2019,"Benthalbella macropinna",0.000145804,NA,NA
2019,"Cynomacrurus piriei",5.99e-05,NA,NA
2019,"Electrona antarctica",0.00089389244117647,0.00111041428535737,0.000169336590993899
2019,"Gymnoscopelus braueri",0.0001514198,2.98571884593978e-05,1.21891461466066e-05
2019,"Gymnoscopelus opisthopterus",0.000109119,NA,NA
2019,"Idiacanthus atlanticus",8.58e-05,NA,NA
2019,"Krefftichthys anderssoni",0.00138484617647059,0.00290302820586873,0.000569330671932111
2019,"Notolepis annulata",0.00048346945,0.000586000090004347,0.000124935638973379
2019,"Notolepis coatsi",0.0010277574,0.00112198260208901,0.000192418428812775
2019,"Pleuragramma antarctica",0.00103660775,0.000823120672342914,0.000411560336171457
2019,"Protomyctophum bolini",0.000179369,NA,NA
NA,"Bathylagus antarcticus",NA,NA,NA
NA,"Chaenocephalus aceratus",NA,NA,NA
NA,"Cyclothone microdon",NA,NA,NA
NA,"Electrona antarctica",NA,NA,NA
NA,"Gobionotothen gibberifrons",NA,NA,NA
NA,"Gymnoscopelus bolini",NA,NA,NA
NA,"Gymnoscopelus braueri",NA,NA,NA
NA,"Gymnoscopelus fraseri",NA,NA,NA
NA,"Gymnoscopelus nicholsi",NA,NA,NA
NA,"Gymnoscopelus opisthopterus",NA,NA,NA
NA,"Krefftichthys anderssoni",4.64e-06,NA,NA
NA,"Nannobrachium achirus",NA,NA,NA
NA,"Nansenia antarctica",NA,NA,NA
NA,"Notolepis coatsi",NA,NA,NA
NA,"Notothenia coriiceps",NA,NA,NA
NA,"Notothenia rossii",NA,NA,NA
NA,"Nototheniops larseni",NA,NA,NA
NA,"Paradiplospinus gracilis",NA,NA,NA
NA,"Protomyctophum choriodon",NA,NA,NA
